trial_id,user_id,snapshot_date,trial_started_at,country,device_type,sessions_day1,sessions_day2,sessions_day3,listen_sessions_3d,total_minutes_3d,converted,sessions_3d,active_days_3d,day1_share,listen_share,avg_session_minutes
1,27046,2026-09-24,2026-08-01,EU,iOS,4,0,2,2,81,0,6,2,0.6666666666666666,0.3333333333333333,13.5
2,27052,2026-09-24,2026-08-01,EU,Android,1,2,2,0,83,0,5,3,0.2,0.0,16.6
3,27053,2026-09-24,2026-08-01,Rest,Android,3,0,3,6,26,1,6,2,0.5,1.0,4.333333333333333
4,27054,2026-09-24,2026-08-01,US,iOS,0,0,0,0,0,0,0,0,0.0,0.0,0.0
5,27055,2026-09-24,2026-08-01,EU,iOS,18,2,0,5,158,0,20,2,0.9,0.25,7.9
6,27057,2026-09-24,2026-08-01,EU,Web,1,1,5,3,68,0,7,3,0.14285714285714285,0.42857142857142855,9.714285714285714
7,27061,2026-09-24,2026-08-01,US,Web,3,1,3,4,106,1,7,3,0.42857142857142855,0.5714285714285714,15.142857142857142
8,27062,2026-09-24,2026-08-01,Rest,Web,14,10,8,5,361,1,32,3,0.4375,0.15625,11.28125
9,27063,2026-09-24,2026-08-01,US,Web,6,2,2,2,126,1,10,3,0.6,0.2,12.6
10,27064,2026-09-24,2026-08-01,India,Web,7,1,2,2,75,0,10,3,0.7,0.2,7.5
11,27065,2026-09-24,2026-08-01,US,Android,1,0,0,0,16,0,1,1,1.0,0.0,16.0
12,27066,2026-09-24,2026-08-01,EU,iOS,9,2,9,8,319,1,20,3,0.45,0.4,15.95
13,27067,2026-09-24,2026-08-01,US,iOS,5,1,4,5,52,1,10,3,0.5,0.5,5.2
14,27068,2026-09-24,2026-08-01,Rest,Web,0,0,0,0,0,0,0,0,0.0,0.0,0.0
15,27069,2026-09-24,2026-08-01,EU,iOS,1,2,0,1,45,0,3,2,0.3333333333333333,0.3333333333333333,15.0
16,27072,2026-09-24,2026-08-01,Rest,iOS,4,3,2,2,109,1,9,3,0.4444444444444444,0.2222222222222222,12.11111111111111
17,27074,2026-09-24,2026-08-01,US,iOS,2,5,4,4,167,1,11,3,0.18181818181818182,0.36363636363636365,15.181818181818182
18,27075,2026-09-24,2026-08-01,India,Web,10,2,0,1,121,0,12,2,0.8333333333333334,0.08333333333333333,10.083333333333334
19,27076,2026-09-24,2026-08-01,US,Web,10,0,1,4,92,0,11,2,0.9090909090909091,0.36363636363636365,8.363636363636363
20,27078,2026-09-24,2026-08-01,Rest,iOS,4,3,4,6,161,1,11,3,0.36363636363636365,0.5454545454545454,14.636363636363637
21,27079,2026-09-24,2026-08-01,EU,Web,4,0,0,1,47,0,4,1,1.0,0.25,11.75
22,27080,2026-09-24,2026-08-01,US,Android,0,5,1,4,71,1,6,2,0.0,0.6666666666666666,11.833333333333334
23,27081,2026-09-24,2026-08-01,EU,Android,6,4,5,7,144,1,15,3,0.4,0.4666666666666667,9.6
24,27082,2026-09-24,2026-08-01,Rest,iOS,2,4,7,3,145,1,13,3,0.15384615384615385,0.23076923076923078,11.153846153846153
25,27086,2026-09-24,2026-08-01,Rest,iOS,5,4,5,6,146,1,14,3,0.35714285714285715,0.42857142857142855,10.428571428571429
26,27087,2026-09-24,2026-08-01,India,iOS,6,6,4,6,125,0,16,3,0.375,0.375,7.8125
27,27090,2026-09-24,2026-08-01,US,iOS,5,9,5,4,134,1,19,3,0.2631578947368421,0.21052631578947367,7.052631578947368
28,27093,2026-09-24,2026-08-01,Rest,Android,0,0,0,0,0,0,0,0,0.0,0.0,0.0
29,27094,2026-09-24,2026-08-01,Rest,Web,2,1,2,0,113,1,5,3,0.4,0.0,22.6
30,27097,2026-09-24,2026-08-01,US,Android,3,1,1,0,68,1,5,3,0.6,0.0,13.6
31,27098,2026-09-24,2026-08-01,India,iOS,3,4,2,2,75,1,9,3,0.3333333333333333,0.2222222222222222,8.333333333333334
32,27099,2026-09-24,2026-08-01,EU,Android,5,7,4,4,211,1,16,3,0.3125,0.25,13.1875
33,27101,2026-09-24,2026-08-01,US,Web,9,2,5,4,212,0,16,3,0.5625,0.25,13.25
34,27102,2026-09-24,2026-08-01,Rest,iOS,0,0,0,0,0,0,0,0,0.0,0.0,0.0
35,27103,2026-09-24,2026-08-01,US,Web,6,10,6,6,257,1,22,3,0.2727272727272727,0.2727272727272727,11.681818181818182
36,27104,2026-09-24,2026-08-01,Rest,Web,9,0,0,3,123,1,9,1,1.0,0.3333333333333333,13.666666666666666
37,27105,2026-09-24,2026-08-01,Rest,Android,1,1,1,0,21,0,3,3,0.3333333333333333,0.0,7.0
38,27109,2026-09-24,2026-08-01,Rest,iOS,10,12,6,10,469,1,28,3,0.35714285714285715,0.35714285714285715,16.75
39,27110,2026-09-24,2026-08-01,US,Android,0,2,1,1,55,1,3,2,0.0,0.3333333333333333,18.333333333333332
40,27111,2026-09-24,2026-08-01,US,iOS,9,9,4,13,177,1,22,3,0.4090909090909091,0.5909090909090909,8.045454545454545
41,27113,2026-09-24,2026-08-01,EU,Android,5,1,2,4,55,0,8,3,0.625,0.5,6.875
42,27114,2026-09-24,2026-08-01,EU,Android,6,4,6,11,187,1,16,3,0.375,0.6875,11.6875
43,27117,2026-09-24,2026-08-01,US,Android,3,3,0,0,41,1,6,2,0.5,0.0,6.833333333333333
44,27119,2026-09-24,2026-08-02,US,Web,3,4,4,4,120,0,11,3,0.2727272727272727,0.36363636363636365,10.909090909090908
45,27121,2026-09-24,2026-08-02,US,Web,3,4,5,2,136,1,12,3,0.25,0.16666666666666666,11.333333333333334
46,27122,2026-09-24,2026-08-02,Rest,iOS,10,1,1,2,149,0,12,3,0.8333333333333334,0.16666666666666666,12.416666666666666
47,27125,2026-09-24,2026-08-02,India,Android,9,3,0,6,162,0,12,2,0.75,0.5,13.5
48,27126,2026-09-24,2026-08-02,India,Web,4,1,4,4,108,1,9,3,0.4444444444444444,0.4444444444444444,12.0
49,27127,2026-09-24,2026-08-02,US,Web,3,0,0,2,31,0,3,1,1.0,0.6666666666666666,10.333333333333334
50,27130,2026-09-24,2026-08-02,India,Android,3,0,4,5,43,0,7,2,0.42857142857142855,0.7142857142857143,6.142857142857143
51,27133,2026-09-24,2026-08-02,Rest,iOS,1,0,0,1,2,0,1,1,1.0,1.0,2.0
52,27134,2026-09-24,2026-08-02,Rest,Android,1,6,3,4,50,1,10,3,0.1,0.4,5.0
53,27137,2026-09-24,2026-08-02,EU,iOS,5,3,2,5,109,1,10,3,0.5,0.5,10.9
54,27138,2026-09-24,2026-08-02,Rest,Web,2,3,7,5,95,1,12,3,0.16666666666666666,0.4166666666666667,7.916666666666667
55,27144,2026-09-24,2026-08-02,EU,Web,13,2,1,3,211,0,16,3,0.8125,0.1875,13.1875
56,27145,2026-09-24,2026-08-02,Rest,Web,2,1,1,0,42,0,4,3,0.5,0.0,10.5
57,27147,2026-09-24,2026-08-02,US,Web,0,0,1,1,23,0,1,1,0.0,1.0,23.0
58,27148,2026-09-24,2026-08-02,India,Web,6,1,1,2,99,0,8,3,0.75,0.25,12.375
59,27149,2026-09-24,2026-08-02,US,Android,5,7,6,9,192,1,18,3,0.2777777777777778,0.5,10.666666666666666
60,27151,2026-09-24,2026-08-02,Rest,Android,5,4,1,0,70,1,10,3,0.5,0.0,7.0
61,27152,2026-09-24,2026-08-02,India,iOS,3,4,2,2,80,1,9,3,0.3333333333333333,0.2222222222222222,8.88888888888889
62,27153,2026-09-24,2026-08-02,Rest,Web,1,2,6,4,116,1,9,3,0.1111111111111111,0.4444444444444444,12.88888888888889
63,27154,2026-09-24,2026-08-02,US,Android,4,3,6,3,127,1,13,3,0.3076923076923077,0.23076923076923078,9.76923076923077
64,27155,2026-09-24,2026-08-02,US,Android,1,2,1,3,16,0,4,3,0.25,0.75,4.0
65,27157,2026-09-24,2026-08-02,EU,iOS,2,3,2,0,83,1,7,3,0.2857142857142857,0.0,11.857142857142858
66,27162,2026-09-24,2026-08-02,US,Web,1,3,1,2,50,1,5,3,0.2,0.4,10.0
67,27165,2026-09-24,2026-08-02,Rest,iOS,2,4,2,4,84,1,8,3,0.25,0.5,10.5
68,27166,2026-09-24,2026-08-02,EU,Android,4,6,9,8,184,1,19,3,0.21052631578947367,0.42105263157894735,9.68421052631579
69,27167,2026-09-24,2026-08-02,US,iOS,1,4,0,2,64,1,5,2,0.2,0.4,12.8
70,27168,2026-09-24,2026-08-02,India,iOS,8,4,5,6,154,1,17,3,0.47058823529411764,0.35294117647058826,9.058823529411764
71,27171,2026-09-24,2026-08-02,India,iOS,1,4,1,1,34,1,6,3,0.16666666666666666,0.16666666666666666,5.666666666666667
72,27174,2026-09-24,2026-08-02,EU,iOS,9,1,1,3,118,1,11,3,0.8181818181818182,0.2727272727272727,10.727272727272727
73,27175,2026-09-24,2026-08-02,US,Web,4,3,2,0,143,1,9,3,0.4444444444444444,0.0,15.88888888888889
74,27176,2026-09-24,2026-08-02,EU,Android,1,4,1,1,69,0,6,3,0.16666666666666666,0.16666666666666666,11.5
75,27177,2026-09-24,2026-08-02,Rest,Android,0,0,0,0,0,0,0,0,0.0,0.0,0.0
76,27179,2026-09-24,2026-08-02,US,iOS,7,7,8,7,248,1,22,3,0.3181818181818182,0.3181818181818182,11.272727272727273
77,27180,2026-09-24,2026-08-02,India,iOS,2,3,3,4,76,1,8,3,0.25,0.5,9.5
78,27183,2026-09-24,2026-08-02,India,iOS,2,1,5,4,73,1,8,3,0.25,0.5,9.125
79,27186,2026-09-24,2026-08-02,US,iOS,0,0,0,0,0,0,0,0,0.0,0.0,0.0
80,27189,2026-09-24,2026-08-02,US,Web,5,3,5,1,144,1,13,3,0.38461538461538464,0.07692307692307693,11.076923076923077
81,27190,2026-09-24,2026-08-02,India,iOS,7,5,8,13,189,1,20,3,0.35,0.65,9.45
82,27192,2026-09-24,2026-08-02,Rest,Android,7,9,7,7,206,1,23,3,0.30434782608695654,0.30434782608695654,8.956521739130435
83,27193,2026-09-24,2026-08-02,EU,Web,3,1,0,2,21,0,4,2,0.75,0.5,5.25
84,27195,2026-09-24,2026-08-02,US,iOS,5,3,9,5,166,1,17,3,0.29411764705882354,0.29411764705882354,9.764705882352942
85,27197,2026-09-24,2026-08-02,India,Android,5,7,3,8,177,1,15,3,0.3333333333333333,0.5333333333333333,11.8
86,27199,2026-09-24,2026-08-02,EU,iOS,2,1,4,4,50,1,7,3,0.2857142857142857,0.5714285714285714,7.142857142857143
87,27204,2026-09-24,2026-08-02,US,iOS,0,1,0,1,25,0,1,1,0.0,1.0,25.0
88,27206,2026-09-24,2026-08-02,Rest,Web,6,0,0,0,40,0,6,1,1.0,0.0,6.666666666666667
89,27209,2026-09-24,2026-08-03,US,Web,1,0,0,0,2,0,1,1,1.0,0.0,2.0
90,27210,2026-09-24,2026-08-03,US,iOS,6,2,4,10,160,1,12,3,0.5,0.8333333333333334,13.333333333333334
91,27211,2026-09-24,2026-08-03,India,Web,16,1,1,4,148,1,18,3,0.8888888888888888,0.2222222222222222,8.222222222222221
92,27212,2026-09-24,2026-08-03,India,Web,1,1,2,0,40,0,4,3,0.25,0.0,10.0
93,27213,2026-09-24,2026-08-03,US,iOS,3,1,0,3,37,0,4,2,0.75,0.75,9.25
94,27217,2026-09-24,2026-08-03,India,Web,1,2,2,1,34,1,5,3,0.2,0.2,6.8
95,27218,2026-09-24,2026-08-03,Rest,Android,13,3,3,7,188,0,19,3,0.6842105263157895,0.3684210526315789,9.894736842105264
96,27220,2026-09-24,2026-08-03,EU,Android,11,1,0,5,108,0,12,2,0.9166666666666666,0.4166666666666667,9.0
97,27221,2026-09-24,2026-08-03,EU,Web,12,1,0,2,128,1,13,2,0.9230769230769231,0.15384615384615385,9.846153846153847
98,27222,2026-09-24,2026-08-03,EU,iOS,5,1,0,2,57,1,6,2,0.8333333333333334,0.3333333333333333,9.5
99,27224,2026-09-24,2026-08-03,EU,iOS,0,0,0,0,0,0,0,0,0.0,0.0,0.0
100,27226,2026-09-24,2026-08-03,EU,Web,1,0,0,0,17,0,1,1,1.0,0.0,17.0
101,27227,2026-09-24,2026-08-03,India,Android,6,2,2,2,121,0,10,3,0.6,0.2,12.1
102,27229,2026-09-24,2026-08-03,US,Web,0,0,1,1,44,0,1,1,0.0,1.0,44.0
103,27231,2026-09-24,2026-08-03,Rest,iOS,2,0,1,3,22,0,3,2,0.6666666666666666,1.0,7.333333333333333
104,27232,2026-09-24,2026-08-03,US,Android,3,4,3,7,74,1,10,3,0.3,0.7,7.4
105,27233,2026-09-24,2026-08-03,India,Android,7,4,9,6,263,1,20,3,0.35,0.3,13.15
106,27234,2026-09-24,2026-08-03,India,Android,10,0,0,2,147,0,10,1,1.0,0.2,14.7
107,27236,2026-09-24,2026-08-03,US,Web,3,2,6,2,170,1,11,3,0.2727272727272727,0.18181818181818182,15.454545454545455
108,27240,2026-09-24,2026-08-03,US,Web,4,4,6,2,178,1,14,3,0.2857142857142857,0.14285714285714285,12.714285714285714
109,27241,2026-09-24,2026-08-03,US,iOS,12,2,1,8,157,0,15,3,0.8,0.5333333333333333,10.466666666666667
110,27242,2026-09-24,2026-08-03,US,Web,1,2,4,4,82,0,7,3,0.14285714285714285,0.5714285714285714,11.714285714285714
111,27243,2026-09-24,2026-08-03,US,iOS,9,4,3,11,141,1,16,3,0.5625,0.6875,8.8125
112,27245,2026-09-24,2026-08-03,Rest,Web,2,6,10,3,196,0,18,3,0.1111111111111111,0.16666666666666666,10.88888888888889
113,27246,2026-09-24,2026-08-03,EU,iOS,5,1,1,4,50,0,7,3,0.7142857142857143,0.5714285714285714,7.142857142857143
114,27247,2026-09-24,2026-08-03,Rest,Android,2,2,1,1,62,1,5,3,0.4,0.2,12.4
115,27248,2026-09-24,2026-08-03,US,iOS,5,4,4,5,96,1,13,3,0.38461538461538464,0.38461538461538464,7.384615384615385
116,27251,2026-09-24,2026-08-03,US,Android,7,3,7,7,131,1,17,3,0.4117647058823529,0.4117647058823529,7.705882352941177
117,27255,2026-09-24,2026-08-03,India,Web,4,4,4,3,91,1,12,3,0.3333333333333333,0.25,7.583333333333333
118,27257,2026-09-24,2026-08-03,US,iOS,0,0,0,0,0,0,0,0,0.0,0.0,0.0
119,27258,2026-09-24,2026-08-03,Rest,Web,1,1,1,0,28,0,3,3,0.3333333333333333,0.0,9.333333333333334
120,27262,2026-09-24,2026-08-03,Rest,Web,0,0,0,0,0,0,0,0,0.0,0.0,0.0
121,27264,2026-09-24,2026-08-03,US,iOS,2,1,0,1,34,0,3,2,0.6666666666666666,0.3333333333333333,11.333333333333334
122,27265,2026-09-24,2026-08-03,US,Android,1,2,3,1,53,1,6,3,0.16666666666666666,0.16666666666666666,8.833333333333334
123,27266,2026-09-24,2026-08-03,Rest,Web,4,1,3,3,63,1,8,3,0.5,0.375,7.875
124,27274,2026-09-24,2026-08-03,EU,Web,11,5,8,4,224,1,24,3,0.4583333333333333,0.16666666666666666,9.333333333333334
125,27278,2026-09-24,2026-08-03,US,Android,2,5,3,6,72,1,10,3,0.2,0.6,7.2
126,27280,2026-09-24,2026-08-03,US,Android,11,9,6,13,345,1,26,3,0.4230769230769231,0.5,13.26923076923077
127,27282,2026-09-24,2026-08-03,EU,Android,1,1,1,2,36,0,3,3,0.3333333333333333,0.6666666666666666,12.0
128,27283,2026-09-24,2026-08-03,India,Android,7,4,2,11,158,1,13,3,0.5384615384615384,0.8461538461538461,12.153846153846153
129,27284,2026-09-24,2026-08-03,EU,Web,8,3,1,2,130,1,12,3,0.6666666666666666,0.16666666666666666,10.833333333333334
130,27285,2026-09-24,2026-08-03,India,Web,3,0,0,3,35,0,3,1,1.0,1.0,11.666666666666666
131,27290,2026-09-24,2026-08-04,Rest,Web,5,4,6,5,172,1,15,3,0.3333333333333333,0.3333333333333333,11.466666666666667
132,27295,2026-09-24,2026-08-04,India,Android,12,2,0,5,95,0,14,2,0.8571428571428571,0.35714285714285715,6.785714285714286
133,27296,2026-09-24,2026-08-04,US,Android,7,1,4,6,107,1,12,3,0.5833333333333334,0.5,8.916666666666666
134,27297,2026-09-24,2026-08-04,Rest,Web,2,3,2,6,146,0,7,3,0.2857142857142857,0.8571428571428571,20.857142857142858
135,27299,2026-09-24,2026-08-04,India,Android,16,0,3,11,180,0,19,2,0.8421052631578947,0.5789473684210527,9.473684210526315
136,27300,2026-09-24,2026-08-04,US,Web,3,0,0,2,38,0,3,1,1.0,0.6666666666666666,12.666666666666666
137,27301,2026-09-24,2026-08-04,US,Web,1,3,4,0,74,1,8,3,0.125,0.0,9.25
138,27302,2026-09-24,2026-08-04,Rest,iOS,12,0,1,11,159,0,13,2,0.9230769230769231,0.8461538461538461,12.23076923076923
139,27303,2026-09-24,2026-08-04,US,Android,0,0,2,1,7,0,2,1,0.0,0.5,3.5
140,27306,2026-09-24,2026-08-04,Rest,iOS,4,4,2,5,77,1,10,3,0.4,0.5,7.7
141,27307,2026-09-24,2026-08-04,US,iOS,6,6,8,7,304,1,20,3,0.3,0.35,15.2
142,27308,2026-09-24,2026-08-04,India,Android,12,1,0,4,127,0,13,2,0.9230769230769231,0.3076923076923077,9.76923076923077
143,27309,2026-09-24,2026-08-04,US,iOS,5,2,1,5,71,1,8,3,0.625,0.625,8.875
144,27310,2026-09-24,2026-08-04,India,Android,0,1,2,1,28,0,3,2,0.0,0.3333333333333333,9.333333333333334
145,27312,2026-09-24,2026-08-04,India,Web,2,1,1,2,45,0,4,3,0.5,0.5,11.25
146,27318,2026-09-24,2026-08-04,US,Web,2,0,0,0,18,0,2,1,1.0,0.0,9.0
147,27321,2026-09-24,2026-08-04,India,iOS,3,0,0,1,30,0,3,1,1.0,0.3333333333333333,10.0
148,27324,2026-09-24,2026-08-04,EU,Android,4,7,7,3,141,0,18,3,0.2222222222222222,0.16666666666666666,7.833333333333333
149,27327,2026-09-24,2026-08-04,Rest,iOS,5,5,5,4,147,1,15,3,0.3333333333333333,0.26666666666666666,9.8
150,27328,2026-09-24,2026-08-04,US,Android,0,4,1,2,28,1,5,2,0.0,0.4,5.6
151,27331,2026-09-24,2026-08-04,US,Web,2,9,2,7,168,1,13,3,0.15384615384615385,0.5384615384615384,12.923076923076923
152,27332,2026-09-24,2026-08-04,EU,Web,0,3,4,2,59,0,7,2,0.0,0.2857142857142857,8.428571428571429
153,27333,2026-09-24,2026-08-04,Rest,iOS,0,0,1,0,10,0,1,1,0.0,0.0,10.0
154,27334,2026-09-24,2026-08-04,EU,iOS,2,4,5,6,145,0,11,3,0.18181818181818182,0.5454545454545454,13.181818181818182
155,27339,2026-09-24,2026-08-04,Rest,Web,11,2,0,5,93,0,13,2,0.8461538461538461,0.38461538461538464,7.153846153846154
156,27343,2026-09-24,2026-08-04,EU,iOS,4,0,0,3,37,0,4,1,1.0,0.75,9.25
157,27346,2026-09-24,2026-08-04,US,Web,3,1,6,6,163,1,10,3,0.3,0.6,16.3
158,27347,2026-09-24,2026-08-04,India,Web,2,5,2,2,120,1,9,3,0.2222222222222222,0.2222222222222222,13.333333333333334
159,27351,2026-09-24,2026-08-04,India,iOS,3,4,2,4,89,1,9,3,0.3333333333333333,0.4444444444444444,9.88888888888889
160,27352,2026-09-24,2026-08-04,India,iOS,2,2,2,2,37,1,6,3,0.3333333333333333,0.3333333333333333,6.166666666666667
161,27355,2026-09-24,2026-08-04,US,Web,0,2,1,1,12,0,3,2,0.0,0.3333333333333333,4.0
162,27359,2026-09-24,2026-08-04,US,Web,1,1,3,3,31,1,5,3,0.2,0.6,6.2
163,27361,2026-09-24,2026-08-04,US,Web,3,1,1,2,58,0,5,3,0.6,0.4,11.6
164,27362,2026-09-24,2026-08-04,EU,Web,11,4,1,4,155,1,16,3,0.6875,0.25,9.6875
165,27365,2026-09-24,2026-08-05,US,Android,7,0,2,4,74,0,9,2,0.7777777777777778,0.4444444444444444,8.222222222222221
166,27366,2026-09-24,2026-08-05,US,Web,8,0,0,2,64,0,8,1,1.0,0.25,8.0
167,27368,2026-09-24,2026-08-05,EU,iOS,0,0,0,0,0,0,0,0,0.0,0.0,0.0
168,27369,2026-09-24,2026-08-05,US,Web,11,0,1,1,115,1,12,2,0.9166666666666666,0.08333333333333333,9.583333333333334
169,27370,2026-09-24,2026-08-05,US,Web,16,0,4,7,184,0,20,2,0.8,0.35,9.2
170,27371,2026-09-24,2026-08-05,US,Android,11,6,7,19,223,1,24,3,0.4583333333333333,0.7916666666666666,9.291666666666666
171,27373,2026-09-24,2026-08-05,US,Web,10,1,1,5,168,0,12,3,0.8333333333333334,0.4166666666666667,14.0
172,27374,2026-09-24,2026-08-05,India,iOS,3,0,4,2,68,1,7,2,0.42857142857142855,0.2857142857142857,9.714285714285714
173,27378,2026-09-24,2026-08-05,India,Web,3,3,4,5,136,1,10,3,0.3,0.5,13.6
174,27379,2026-09-24,2026-08-05,EU,iOS,0,1,1,1,13,0,2,2,0.0,0.5,6.5
175,27380,2026-09-24,2026-08-05,Rest,iOS,5,3,3,4,135,1,11,3,0.45454545454545453,0.36363636363636365,12.272727272727273
176,27381,2026-09-24,2026-08-05,US,Web,6,1,0,1,98,0,7,2,0.8571428571428571,0.14285714285714285,14.0
177,27385,2026-09-24,2026-08-05,Rest,Android,0,5,1,1,41,0,6,2,0.0,0.16666666666666666,6.833333333333333
178,27387,2026-09-24,2026-08-05,US,iOS,3,3,1,2,68,1,7,3,0.42857142857142855,0.2857142857142857,9.714285714285714
179,27388,2026-09-24,2026-08-05,EU,Android,1,1,2,1,31,0,4,3,0.25,0.25,7.75
180,27389,2026-09-24,2026-08-05,US,Android,3,2,1,1,46,0,6,3,0.5,0.16666666666666666,7.666666666666667
181,27391,2026-09-24,2026-08-05,Rest,Android,7,2,2,8,153,0,11,3,0.6363636363636364,0.7272727272727273,13.909090909090908
182,27392,2026-09-24,2026-08-05,US,Android,2,5,2,4,95,1,9,3,0.2222222222222222,0.4444444444444444,10.555555555555555
183,27393,2026-09-24,2026-08-05,US,iOS,7,2,4,3,174,1,13,3,0.5384615384615384,0.23076923076923078,13.384615384615385
184,27396,2026-09-24,2026-08-05,US,iOS,3,3,4,8,121,1,10,3,0.3,0.8,12.1
185,27399,2026-09-24,2026-08-05,India,Android,0,0,4,2,57,0,4,1,0.0,0.5,14.25
186,27404,2026-09-24,2026-08-05,US,Android,7,10,7,20,233,1,24,3,0.2916666666666667,0.8333333333333334,9.708333333333334
187,27408,2026-09-24,2026-08-05,US,Web,4,5,5,5,131,1,14,3,0.2857142857142857,0.35714285714285715,9.357142857142858
188,27409,2026-09-24,2026-08-05,US,Android,0,3,0,1,36,0,3,1,0.0,0.3333333333333333,12.0
189,27411,2026-09-24,2026-08-05,US,Android,5,7,3,6,139,1,15,3,0.3333333333333333,0.4,9.266666666666667
190,27412,2026-09-24,2026-08-05,India,Android,1,3,5,9,138,1,9,3,0.1111111111111111,1.0,15.333333333333334
191,27413,2026-09-24,2026-08-05,India,iOS,2,0,2,0,13,1,4,2,0.5,0.0,3.25
192,27414,2026-09-24,2026-08-05,US,Web,10,1,0,4,70,0,11,2,0.9090909090909091,0.36363636363636365,6.363636363636363
193,27415,2026-09-24,2026-08-05,US,Web,30,1,0,0,353,0,31,2,0.967741935483871,0.0,11.387096774193548
194,27416,2026-09-24,2026-08-05,India,Android,4,2,5,11,114,1,11,3,0.36363636363636365,1.0,10.363636363636363
195,27417,2026-09-24,2026-08-05,EU,Web,6,4,2,1,126,1,12,3,0.5,0.08333333333333333,10.5
196,27418,2026-09-24,2026-08-05,US,iOS,3,1,3,1,70,1,7,3,0.42857142857142855,0.14285714285714285,10.0
197,27423,2026-09-24,2026-08-05,US,Web,4,3,1,2,96,1,8,3,0.5,0.25,12.0
198,27424,2026-09-24,2026-08-05,India,iOS,4,2,4,3,163,1,10,3,0.4,0.3,16.3
199,27430,2026-09-24,2026-08-05,US,Android,2,3,1,2,52,0,6,3,0.3333333333333333,0.3333333333333333,8.666666666666666
200,27431,2026-09-24,2026-08-05,EU,Web,3,4,4,3,129,1,11,3,0.2727272727272727,0.2727272727272727,11.727272727272727
201,27432,2026-09-24,2026-08-05,India,Web,2,3,5,0,72,0,10,3,0.2,0.0,7.2
202,27434,2026-09-24,2026-08-05,EU,iOS,2,10,5,6,295,1,17,3,0.11764705882352941,0.35294117647058826,17.352941176470587
203,27435,2026-09-24,2026-08-05,India,Web,1,0,1,0,10,0,2,2,0.5,0.0,5.0
204,27436,2026-09-24,2026-08-05,EU,iOS,6,4,6,3,172,1,16,3,0.375,0.1875,10.75
205,27437,2026-09-24,2026-08-05,Rest,Web,15,0,1,3,129,0,16,2,0.9375,0.1875,8.0625
206,27438,2026-09-24,2026-08-05,EU,iOS,2,3,2,1,98,1,7,3,0.2857142857142857,0.14285714285714285,14.0
207,27439,2026-09-24,2026-08-05,EU,iOS,1,3,3,3,92,1,7,3,0.14285714285714285,0.42857142857142855,13.142857142857142
208,27446,2026-09-24,2026-08-05,US,iOS,1,1,2,3,34,1,4,3,0.25,0.75,8.5
209,27447,2026-09-24,2026-08-05,Rest,Web,2,3,1,3,98,0,6,3,0.3333333333333333,0.5,16.333333333333332
210,27449,2026-09-24,2026-08-06,US,iOS,1,7,2,2,117,1,10,3,0.1,0.2,11.7
211,27450,2026-09-24,2026-08-06,EU,iOS,4,3,5,3,97,1,12,3,0.3333333333333333,0.25,8.083333333333334
212,27458,2026-09-24,2026-08-06,EU,Android,3,1,2,2,29,0,6,3,0.5,0.3333333333333333,4.833333333333333
213,27459,2026-09-24,2026-08-06,EU,Android,0,0,2,1,29,0,2,1,0.0,0.5,14.5
214,27460,2026-09-24,2026-08-06,US,iOS,0,4,5,4,160,1,9,2,0.0,0.4444444444444444,17.77777777777778
215,27461,2026-09-24,2026-08-06,Rest,Android,3,1,3,5,78,1,7,3,0.42857142857142855,0.7142857142857143,11.142857142857142
216,27463,2026-09-24,2026-08-06,US,Android,32,3,1,29,449,1,36,3,0.8888888888888888,0.8055555555555556,12.472222222222221
217,27464,2026-09-24,2026-08-06,Rest,Android,5,0,0,1,76,0,5,1,1.0,0.2,15.2
218,27465,2026-09-24,2026-08-06,US,Web,6,3,8,5,147,1,17,3,0.35294117647058826,0.29411764705882354,8.647058823529411
219,27466,2026-09-24,2026-08-06,EU,iOS,2,3,1,4,141,1,6,3,0.3333333333333333,0.6666666666666666,23.5
220,27469,2026-09-24,2026-08-06,India,Android,17,1,0,14,176,0,18,2,0.9444444444444444,0.7777777777777778,9.777777777777779
221,27473,2026-09-24,2026-08-06,India,iOS,7,1,0,7,51,1,8,2,0.875,0.875,6.375
222,27474,2026-09-24,2026-08-06,Rest,Android,3,3,2,2,120,0,8,3,0.375,0.25,15.0
223,27475,2026-09-24,2026-08-06,US,Android,12,0,2,3,179,1,14,2,0.8571428571428571,0.21428571428571427,12.785714285714286
224,27476,2026-09-24,2026-08-06,India,Web,2,2,4,2,86,0,8,3,0.25,0.25,10.75
225,27478,2026-09-24,2026-08-06,India,Android,0,2,2,2,61,0,4,2,0.0,0.5,15.25
226,27479,2026-09-24,2026-08-06,India,iOS,8,7,6,11,267,1,21,3,0.38095238095238093,0.5238095238095238,12.714285714285714
227,27480,2026-09-24,2026-08-06,EU,iOS,2,3,0,3,50,0,5,2,0.4,0.6,10.0
228,27482,2026-09-24,2026-08-06,US,Android,2,1,4,3,46,1,7,3,0.2857142857142857,0.42857142857142855,6.571428571428571
229,27483,2026-09-24,2026-08-06,EU,Android,9,6,6,7,170,1,21,3,0.42857142857142855,0.3333333333333333,8.095238095238095
230,27484,2026-09-24,2026-08-06,EU,Web,1,0,1,0,9,0,2,2,0.5,0.0,4.5
231,27485,2026-09-24,2026-08-06,US,Web,3,1,5,3,73,0,9,3,0.3333333333333333,0.3333333333333333,8.11111111111111
232,27487,2026-09-24,2026-08-06,India,Android,5,1,3,1,128,1,9,3,0.5555555555555556,0.1111111111111111,14.222222222222221
233,27488,2026-09-24,2026-08-06,US,iOS,2,1,2,3,34,1,5,3,0.4,0.6,6.8
234,27490,2026-09-24,2026-08-06,EU,Android,4,8,6,3,217,1,18,3,0.2222222222222222,0.16666666666666666,12.055555555555555
235,27492,2026-09-24,2026-08-06,US,Android,0,0,3,0,43,1,3,1,0.0,0.0,14.333333333333334
236,27493,2026-09-24,2026-08-06,Rest,Web,2,1,5,4,79,0,8,3,0.25,0.5,9.875
237,27494,2026-09-24,2026-08-06,US,iOS,20,1,1,11,236,1,22,3,0.9090909090909091,0.5,10.727272727272727
238,27501,2026-09-24,2026-08-06,Rest,Android,5,6,4,2,107,1,15,3,0.3333333333333333,0.13333333333333333,7.133333333333334
239,27503,2026-09-24,2026-08-06,India,Android,5,3,5,2,127,1,13,3,0.38461538461538464,0.15384615384615385,9.76923076923077
240,27506,2026-09-24,2026-08-06,Rest,Android,12,0,2,10,140,1,14,2,0.8571428571428571,0.7142857142857143,10.0
241,27507,2026-09-24,2026-08-06,EU,Android,12,7,6,8,215,1,25,3,0.48,0.32,8.6
242,27508,2026-09-24,2026-08-06,US,iOS,2,3,5,3,128,1,10,3,0.2,0.3,12.8
243,27509,2026-09-24,2026-08-06,US,Web,3,2,2,0,73,0,7,3,0.42857142857142855,0.0,10.428571428571429
244,27512,2026-09-24,2026-08-06,EU,Web,0,0,2,0,31,0,2,1,0.0,0.0,15.5
245,27516,2026-09-24,2026-08-06,US,Android,5,0,1,2,67,0,6,2,0.8333333333333334,0.3333333333333333,11.166666666666666
246,27520,2026-09-24,2026-08-06,EU,Android,0,3,2,2,49,0,5,2,0.0,0.4,9.8
247,27521,2026-09-24,2026-08-06,India,Web,0,1,0,0,28,0,1,1,0.0,0.0,28.0
248,27522,2026-09-24,2026-08-06,EU,Web,12,0,2,8,160,0,14,2,0.8571428571428571,0.5714285714285714,11.428571428571429
249,27523,2026-09-24,2026-08-06,US,iOS,2,2,1,3,38,1,5,3,0.4,0.6,7.6
250,27524,2026-09-24,2026-08-06,India,iOS,2,4,5,9,103,1,11,3,0.18181818181818182,0.8181818181818182,9.363636363636363
251,27525,2026-09-24,2026-08-06,EU,Android,3,1,1,2,53,0,5,3,0.6,0.4,10.6
252,27526,2026-09-24,2026-08-06,India,Android,3,0,1,1,14,0,4,2,0.75,0.25,3.5
253,27532,2026-09-24,2026-08-07,Rest,iOS,4,2,3,3,109,1,9,3,0.4444444444444444,0.3333333333333333,12.11111111111111
254,27533,2026-09-24,2026-08-07,US,iOS,10,0,0,2,113,0,10,1,1.0,0.2,11.3
255,27535,2026-09-24,2026-08-07,US,Web,2,6,4,4,83,1,12,3,0.16666666666666666,0.3333333333333333,6.916666666666667
256,27536,2026-09-24,2026-08-07,US,iOS,1,1,0,0,18,1,2,2,0.5,0.0,9.0
257,27538,2026-09-24,2026-08-07,US,Android,9,0,0,0,126,1,9,1,1.0,0.0,14.0
258,27540,2026-09-24,2026-08-07,US,Web,0,0,2,1,8,1,2,1,0.0,0.5,4.0
259,27542,2026-09-24,2026-08-07,US,Web,5,6,8,3,308,1,19,3,0.2631578947368421,0.15789473684210525,16.210526315789473
260,27545,2026-09-24,2026-08-07,US,Android,3,0,0,2,25,0,3,1,1.0,0.6666666666666666,8.333333333333334
261,27546,2026-09-24,2026-08-07,Rest,Android,1,1,1,0,33,1,3,3,0.3333333333333333,0.0,11.0
262,27548,2026-09-24,2026-08-07,US,Web,2,5,7,4,156,1,14,3,0.14285714285714285,0.2857142857142857,11.142857142857142
263,27550,2026-09-24,2026-08-07,India,Web,2,2,3,3,34,1,7,3,0.2857142857142857,0.42857142857142855,4.857142857142857
264,27553,2026-09-24,2026-08-07,US,Android,7,1,0,4,94,0,8,2,0.875,0.5,11.75
265,27555,2026-09-24,2026-08-07,US,Android,3,2,1,0,73,1,6,3,0.5,0.0,12.166666666666666
266,27556,2026-09-24,2026-08-07,India,Web,1,5,1,1,66,0,7,3,0.14285714285714285,0.14285714285714285,9.428571428571429
267,27558,2026-09-24,2026-08-07,India,iOS,8,1,0,5,141,0,9,2,0.8888888888888888,0.5555555555555556,15.666666666666666
268,27560,2026-09-24,2026-08-07,EU,Android,3,2,1,3,38,1,6,3,0.5,0.5,6.333333333333333
269,27561,2026-09-24,2026-08-07,US,Web,3,9,9,2,187,1,21,3,0.14285714285714285,0.09523809523809523,8.904761904761905
270,27564,2026-09-24,2026-08-07,Rest,Android,8,7,4,6,183,0,19,3,0.42105263157894735,0.3157894736842105,9.631578947368421
271,27565,2026-09-24,2026-08-07,EU,iOS,0,1,4,3,21,0,5,2,0.0,0.6,4.2
272,27566,2026-09-24,2026-08-07,India,Android,1,0,3,2,51,0,4,2,0.25,0.5,12.75
273,27567,2026-09-24,2026-08-07,US,Android,4,2,0,5,60,0,6,2,0.6666666666666666,0.8333333333333334,10.0
274,27571,2026-09-24,2026-08-07,US,iOS,1,2,3,3,62,0,6,3,0.16666666666666666,0.5,10.333333333333334
275,27576,2026-09-24,2026-08-07,Rest,iOS,1,0,1,1,32,0,2,2,0.5,0.5,16.0
276,27581,2026-09-24,2026-08-07,US,iOS,8,1,0,2,45,0,9,2,0.8888888888888888,0.2222222222222222,5.0
277,27582,2026-09-24,2026-08-07,US,Android,7,1,0,3,70,1,8,2,0.875,0.375,8.75
278,27583,2026-09-24,2026-08-07,US,Web,3,1,1,1,55,0,5,3,0.6,0.2,11.0
279,27584,2026-09-24,2026-08-07,India,Android,5,3,0,2,137,0,8,2,0.625,0.25,17.125
280,27585,2026-09-24,2026-08-07,India,iOS,0,0,2,0,36,0,2,1,0.0,0.0,18.0
281,27589,2026-09-24,2026-08-07,EU,Android,12,1,0,9,219,0,13,2,0.9230769230769231,0.6923076923076923,16.846153846153847
282,27591,2026-09-24,2026-08-07,US,Web,7,4,3,9,117,1,14,3,0.5,0.6428571428571429,8.357142857142858
283,27593,2026-09-24,2026-08-07,EU,Android,2,1,0,1,14,0,3,2,0.6666666666666666,0.3333333333333333,4.666666666666667
284,27594,2026-09-24,2026-08-07,EU,Android,5,6,6,7,192,1,17,3,0.29411764705882354,0.4117647058823529,11.294117647058824
285,27597,2026-09-24,2026-08-07,US,iOS,2,0,4,0,44,1,6,2,0.3333333333333333,0.0,7.333333333333333
286,27599,2026-09-24,2026-08-07,India,iOS,12,4,10,13,339,1,26,3,0.46153846153846156,0.5,13.038461538461538
287,27600,2026-09-24,2026-08-07,EU,Android,2,4,2,2,55,1,8,3,0.25,0.25,6.875
288,27603,2026-09-24,2026-08-07,US,Web,2,0,1,1,38,0,3,2,0.6666666666666666,0.3333333333333333,12.666666666666666
289,27605,2026-09-24,2026-08-08,US,Android,6,1,1,6,101,0,8,3,0.75,0.75,12.625
290,27609,2026-09-24,2026-08-08,EU,Android,5,5,3,6,139,1,13,3,0.38461538461538464,0.46153846153846156,10.692307692307692
291,27610,2026-09-24,2026-08-08,US,iOS,9,16,10,26,435,1,35,3,0.2571428571428571,0.7428571428571429,12.428571428571429
292,27611,2026-09-24,2026-08-08,EU,Web,3,4,5,5,93,1,12,3,0.25,0.4166666666666667,7.75
293,27615,2026-09-24,2026-08-08,Rest,Web,1,3,5,2,45,1,9,3,0.1111111111111111,0.2222222222222222,5.0
294,27616,2026-09-24,2026-08-08,Rest,iOS,2,0,3,1,27,0,5,2,0.4,0.2,5.4
295,27617,2026-09-24,2026-08-08,Rest,Android,3,0,11,9,181,1,14,2,0.21428571428571427,0.6428571428571429,12.928571428571429
296,27619,2026-09-24,2026-08-08,EU,Android,6,0,0,2,15,0,6,1,1.0,0.3333333333333333,2.5
297,27622,2026-09-24,2026-08-08,US,Android,2,3,2,6,50,1,7,3,0.2857142857142857,0.8571428571428571,7.142857142857143
298,27623,2026-09-24,2026-08-08,US,Android,8,1,2,7,123,0,11,3,0.7272727272727273,0.6363636363636364,11.181818181818182
299,27626,2026-09-24,2026-08-08,India,Web,4,2,2,1,113,1,8,3,0.5,0.125,14.125
300,27627,2026-09-24,2026-08-08,US,Web,2,2,2,2,32,1,6,3,0.3333333333333333,0.3333333333333333,5.333333333333333
301,27628,2026-09-24,2026-08-08,EU,iOS,0,1,1,0,19,0,2,2,0.0,0.0,9.5
302,27632,2026-09-24,2026-08-08,India,Android,2,3,3,0,64,1,8,3,0.25,0.0,8.0
303,27635,2026-09-24,2026-08-08,EU,iOS,3,2,2,4,50,1,7,3,0.42857142857142855,0.5714285714285714,7.142857142857143
304,27637,2026-09-24,2026-08-08,India,Android,1,3,5,2,127,1,9,3,0.1111111111111111,0.2222222222222222,14.11111111111111
305,27638,2026-09-24,2026-08-08,US,Android,2,6,7,11,175,1,15,3,0.13333333333333333,0.7333333333333333,11.666666666666666
306,27639,2026-09-24,2026-08-08,US,iOS,1,1,1,0,19,0,3,3,0.3333333333333333,0.0,6.333333333333333
307,27640,2026-09-24,2026-08-08,India,Web,6,1,3,6,104,1,10,3,0.6,0.6,10.4
308,27641,2026-09-24,2026-08-08,US,iOS,5,1,0,3,44,0,6,2,0.8333333333333334,0.5,7.333333333333333
309,27643,2026-09-24,2026-08-08,Rest,iOS,9,7,9,7,251,1,25,3,0.36,0.28,10.04
310,27645,2026-09-24,2026-08-08,India,Android,10,0,1,1,94,0,11,2,0.9090909090909091,0.09090909090909091,8.545454545454545
311,27646,2026-09-24,2026-08-08,US,Web,3,6,1,4,92,1,10,3,0.3,0.4,9.2
312,27647,2026-09-24,2026-08-08,US,Web,12,2,3,10,264,0,17,3,0.7058823529411765,0.5882352941176471,15.529411764705882
313,27651,2026-09-24,2026-08-08,US,Android,1,6,1,4,133,1,8,3,0.125,0.5,16.625
314,27652,2026-09-24,2026-08-08,Rest,Android,3,2,2,2,181,1,7,3,0.42857142857142855,0.2857142857142857,25.857142857142858
315,27654,2026-09-24,2026-08-08,US,Android,2,4,6,5,168,1,12,3,0.16666666666666666,0.4166666666666667,14.0
316,27657,2026-09-24,2026-08-08,Rest,Android,28,2,2,13,394,0,32,3,0.875,0.40625,12.3125
317,27658,2026-09-24,2026-08-08,US,Android,11,1,0,5,153,1,12,2,0.9166666666666666,0.4166666666666667,12.75
318,27660,2026-09-24,2026-08-08,US,Android,0,2,0,0,9,0,2,1,0.0,0.0,4.5
319,27661,2026-09-24,2026-08-08,US,Web,6,5,8,7,217,1,19,3,0.3157894736842105,0.3684210526315789,11.421052631578947
320,27664,2026-09-24,2026-08-08,EU,Android,3,1,2,0,36,1,6,3,0.5,0.0,6.0
321,27665,2026-09-24,2026-08-08,Rest,Android,7,5,3,6,145,1,15,3,0.4666666666666667,0.4,9.666666666666666
322,27668,2026-09-24,2026-08-08,EU,Android,10,4,7,11,223,1,21,3,0.47619047619047616,0.5238095238095238,10.619047619047619
323,27670,2026-09-24,2026-08-08,India,Web,2,2,2,2,74,0,6,3,0.3333333333333333,0.3333333333333333,12.333333333333334
324,27672,2026-09-24,2026-08-09,India,Web,1,0,0,1,4,0,1,1,1.0,1.0,4.0
325,27673,2026-09-24,2026-08-09,Rest,Android,2,0,0,2,34,0,2,1,1.0,1.0,17.0
326,27674,2026-09-24,2026-08-09,India,iOS,3,2,2,3,41,1,7,3,0.42857142857142855,0.42857142857142855,5.857142857142857
327,27675,2026-09-24,2026-08-09,US,Web,3,0,1,2,27,0,4,2,0.75,0.5,6.75
328,27676,2026-09-24,2026-08-09,EU,Android,6,5,2,2,79,1,13,3,0.46153846153846156,0.15384615384615385,6.076923076923077
329,27677,2026-09-24,2026-08-09,India,iOS,4,1,2,1,14,1,7,3,0.5714285714285714,0.14285714285714285,2.0
330,27678,2026-09-24,2026-08-09,EU,Android,10,1,0,9,147,0,11,2,0.9090909090909091,0.8181818181818182,13.363636363636363
331,27679,2026-09-24,2026-08-09,India,iOS,1,0,4,0,56,0,5,2,0.2,0.0,11.2
332,27680,2026-09-24,2026-08-09,Rest,iOS,1,0,2,3,37,0,3,2,0.3333333333333333,1.0,12.333333333333334
333,27684,2026-09-24,2026-08-09,EU,iOS,37,2,3,25,447,0,42,3,0.8809523809523809,0.5952380952380952,10.642857142857142
334,27685,2026-09-24,2026-08-09,US,iOS,3,6,2,2,90,1,11,3,0.2727272727272727,0.18181818181818182,8.181818181818182
335,27686,2026-09-24,2026-08-09,US,Web,1,4,1,4,48,1,6,3,0.16666666666666666,0.6666666666666666,8.0
336,27688,2026-09-24,2026-08-09,Rest,Android,1,6,7,8,121,0,14,3,0.07142857142857142,0.5714285714285714,8.642857142857142
337,27690,2026-09-24,2026-08-09,US,Android,4,3,2,6,84,1,9,3,0.4444444444444444,0.6666666666666666,9.333333333333334
338,27691,2026-09-24,2026-08-09,US,Web,5,2,1,6,111,1,8,3,0.625,0.75,13.875
339,27694,2026-09-24,2026-08-09,India,Web,8,0,0,5,153,0,8,1,1.0,0.625,19.125
340,27695,2026-09-24,2026-08-09,US,iOS,4,8,5,1,181,1,17,3,0.23529411764705882,0.058823529411764705,10.647058823529411
341,27696,2026-09-24,2026-08-09,India,Web,2,2,1,3,129,1,5,3,0.4,0.6,25.8
342,27698,2026-09-24,2026-08-09,India,iOS,5,4,4,5,171,1,13,3,0.38461538461538464,0.38461538461538464,13.153846153846153
343,27702,2026-09-24,2026-08-09,India,Android,4,4,2,5,114,1,10,3,0.4,0.5,11.4
344,27705,2026-09-24,2026-08-09,Rest,Android,3,2,2,5,68,1,7,3,0.42857142857142855,0.7142857142857143,9.714285714285714
345,27706,2026-09-24,2026-08-09,US,Web,1,5,1,4,92,0,7,3,0.14285714285714285,0.5714285714285714,13.142857142857142
346,27707,2026-09-24,2026-08-09,US,iOS,9,0,0,3,110,0,9,1,1.0,0.3333333333333333,12.222222222222221
347,27710,2026-09-24,2026-08-09,US,iOS,3,2,2,2,65,1,7,3,0.42857142857142855,0.2857142857142857,9.285714285714286
348,27711,2026-09-24,2026-08-09,Rest,Web,32,2,2,6,331,0,36,3,0.8888888888888888,0.16666666666666666,9.194444444444445
349,27713,2026-09-24,2026-08-09,Rest,Android,0,0,3,1,17,0,3,1,0.0,0.3333333333333333,5.666666666666667
350,27715,2026-09-24,2026-08-09,US,Android,3,4,2,3,134,1,9,3,0.3333333333333333,0.3333333333333333,14.88888888888889
351,27717,2026-09-24,2026-08-09,Rest,iOS,1,2,1,0,75,0,4,3,0.25,0.0,18.75
352,27718,2026-09-24,2026-08-09,EU,Android,10,4,4,8,169,1,18,3,0.5555555555555556,0.4444444444444444,9.38888888888889
353,27719,2026-09-24,2026-08-09,US,iOS,0,2,3,4,27,1,5,2,0.0,0.8,5.4
354,27721,2026-09-24,2026-08-09,Rest,Android,15,2,1,5,179,1,18,3,0.8333333333333334,0.2777777777777778,9.944444444444445
355,27728,2026-09-24,2026-08-09,EU,Web,0,0,2,1,8,0,2,1,0.0,0.5,4.0
356,27730,2026-09-24,2026-08-09,Rest,Web,1,0,0,1,16,1,1,1,1.0,1.0,16.0
357,27731,2026-09-24,2026-08-09,Rest,Web,1,1,3,2,76,1,5,3,0.2,0.4,15.2
358,27732,2026-09-24,2026-08-09,Rest,Web,12,9,6,9,211,1,27,3,0.4444444444444444,0.3333333333333333,7.814814814814815
359,27733,2026-09-24,2026-08-09,US,Web,0,1,1,1,10,0,2,2,0.0,0.5,5.0
360,27735,2026-09-24,2026-08-09,India,iOS,17,0,3,11,176,0,20,2,0.85,0.55,8.8
361,27736,2026-09-24,2026-08-09,India,Android,2,2,3,3,40,0,7,3,0.2857142857142857,0.42857142857142855,5.714285714285714
362,27738,2026-09-24,2026-08-09,US,Android,1,0,1,1,16,1,2,2,0.5,0.5,8.0
363,27739,2026-09-24,2026-08-10,US,iOS,1,0,0,1,4,0,1,1,1.0,1.0,4.0
364,27740,2026-09-24,2026-08-10,US,Web,11,5,10,12,283,1,26,3,0.4230769230769231,0.46153846153846156,10.884615384615385
365,27742,2026-09-24,2026-08-10,Rest,Android,0,4,5,5,102,1,9,2,0.0,0.5555555555555556,11.333333333333334
366,27743,2026-09-24,2026-08-10,India,Web,4,1,2,5,107,1,7,3,0.5714285714285714,0.7142857142857143,15.285714285714286
367,27745,2026-09-24,2026-08-10,EU,Android,4,2,5,8,94,1,11,3,0.36363636363636365,0.7272727272727273,8.545454545454545
368,27754,2026-09-24,2026-08-10,US,iOS,2,2,4,7,85,1,8,3,0.25,0.875,10.625
369,27755,2026-09-24,2026-08-10,US,Web,12,1,0,3,107,0,13,2,0.9230769230769231,0.23076923076923078,8.23076923076923
370,27756,2026-09-24,2026-08-10,Rest,Web,5,4,3,3,63,0,12,3,0.4166666666666667,0.25,5.25
371,27757,2026-09-24,2026-08-10,US,iOS,8,5,3,4,138,1,16,3,0.5,0.25,8.625
372,27759,2026-09-24,2026-08-10,EU,Android,12,1,0,4,169,1,13,2,0.9230769230769231,0.3076923076923077,13.0
373,27763,2026-09-24,2026-08-10,India,Web,6,4,5,10,130,1,15,3,0.4,0.6666666666666666,8.666666666666666
374,27764,2026-09-24,2026-08-10,US,Web,14,0,2,6,195,0,16,2,0.875,0.375,12.1875
375,27767,2026-09-24,2026-08-10,EU,Android,0,0,0,0,0,1,0,0,0.0,0.0,0.0
376,27768,2026-09-24,2026-08-10,US,Android,1,4,4,4,63,1,9,3,0.1111111111111111,0.4444444444444444,7.0
377,27769,2026-09-24,2026-08-10,US,Android,0,0,0,0,0,0,0,0,0.0,0.0,0.0
378,27770,2026-09-24,2026-08-10,EU,iOS,6,1,2,3,63,1,9,3,0.6666666666666666,0.3333333333333333,7.0
379,27772,2026-09-24,2026-08-10,India,Web,4,4,2,5,176,1,10,3,0.4,0.5,17.6
380,27773,2026-09-24,2026-08-10,India,iOS,0,3,1,2,26,1,4,2,0.0,0.5,6.5
381,27775,2026-09-24,2026-08-10,EU,Web,7,7,2,1,174,1,16,3,0.4375,0.0625,10.875
382,27777,2026-09-24,2026-08-10,EU,Android,0,1,1,1,16,0,2,2,0.0,0.5,8.0
383,27782,2026-09-24,2026-08-10,US,Web,5,5,2,2,178,1,12,3,0.4166666666666667,0.16666666666666666,14.833333333333334
384,27783,2026-09-24,2026-08-10,US,Android,4,2,4,7,110,1,10,3,0.4,0.7,11.0
385,27785,2026-09-24,2026-08-10,EU,Android,3,6,2,6,88,1,11,3,0.2727272727272727,0.5454545454545454,8.0
386,27786,2026-09-24,2026-08-10,EU,Android,5,4,2,2,143,1,11,3,0.45454545454545453,0.18181818181818182,13.0
387,27789,2026-09-24,2026-08-10,India,Web,1,0,1,1,13,0,2,2,0.5,0.5,6.5
388,27790,2026-09-24,2026-08-10,US,Android,1,2,1,2,73,0,4,3,0.25,0.5,18.25
389,27791,2026-09-24,2026-08-10,US,iOS,0,0,1,0,12,0,1,1,0.0,0.0,12.0
390,27793,2026-09-24,2026-08-10,US,iOS,5,2,0,4,51,0,7,2,0.7142857142857143,0.5714285714285714,7.285714285714286
391,27796,2026-09-24,2026-08-10,US,iOS,1,1,1,0,15,0,3,3,0.3333333333333333,0.0,5.0
392,27797,2026-09-24,2026-08-10,US,Web,2,2,2,2,67,0,6,3,0.3333333333333333,0.3333333333333333,11.166666666666666
393,27798,2026-09-24,2026-08-10,US,iOS,2,0,1,2,8,0,3,2,0.6666666666666666,0.6666666666666666,2.6666666666666665
394,27801,2026-09-24,2026-08-10,US,Web,1,3,2,1,49,0,6,3,0.16666666666666666,0.16666666666666666,8.166666666666666
395,27804,2026-09-24,2026-08-10,Rest,iOS,2,2,3,4,57,1,7,3,0.2857142857142857,0.5714285714285714,8.142857142857142
396,27809,2026-09-24,2026-08-10,Rest,Web,3,7,5,2,152,0,15,3,0.2,0.13333333333333333,10.133333333333333
397,27815,2026-09-24,2026-08-10,Rest,Web,0,1,1,1,22,0,2,2,0.0,0.5,11.0
398,27816,2026-09-24,2026-08-10,EU,Web,15,1,1,11,213,1,17,3,0.8823529411764706,0.6470588235294118,12.529411764705882
399,27817,2026-09-24,2026-08-10,US,Android,22,1,1,8,320,0,24,3,0.9166666666666666,0.3333333333333333,13.333333333333334
400,27819,2026-09-24,2026-08-10,US,Android,4,2,0,3,43,1,6,2,0.6666666666666666,0.5,7.166666666666667
401,27820,2026-09-24,2026-08-10,US,Web,2,2,1,4,29,0,5,3,0.4,0.8,5.8
402,27821,2026-09-24,2026-08-10,US,iOS,4,6,11,6,268,1,21,3,0.19047619047619047,0.2857142857142857,12.761904761904763
403,27822,2026-09-24,2026-08-11,India,Web,7,13,6,2,217,1,26,3,0.2692307692307692,0.07692307692307693,8.346153846153847
404,27825,2026-09-24,2026-08-11,India,iOS,12,2,1,13,105,0,15,3,0.8,0.8666666666666667,7.0
405,27829,2026-09-24,2026-08-11,US,iOS,2,1,1,0,13,0,4,3,0.5,0.0,3.25
406,27830,2026-09-24,2026-08-11,US,iOS,6,0,0,2,78,0,6,1,1.0,0.3333333333333333,13.0
407,27831,2026-09-24,2026-08-11,India,iOS,0,0,1,0,34,0,1,1,0.0,0.0,34.0
408,27833,2026-09-24,2026-08-11,India,Android,5,2,4,5,81,1,11,3,0.45454545454545453,0.45454545454545453,7.363636363636363
409,27834,2026-09-24,2026-08-11,India,iOS,17,0,1,7,275,0,18,2,0.9444444444444444,0.3888888888888889,15.277777777777779
410,27835,2026-09-24,2026-08-11,India,Android,8,7,5,10,154,1,20,3,0.4,0.5,7.7
411,27836,2026-09-24,2026-08-11,US,Web,0,0,1,0,4,0,1,1,0.0,0.0,4.0
412,27837,2026-09-24,2026-08-11,EU,Android,9,1,1,9,113,1,11,3,0.8181818181818182,0.8181818181818182,10.272727272727273
413,27838,2026-09-24,2026-08-11,Rest,Android,2,2,1,2,44,0,5,3,0.4,0.4,8.8
414,27839,2026-09-24,2026-08-11,Rest,Android,2,1,2,2,55,1,5,3,0.4,0.4,11.0
415,27840,2026-09-24,2026-08-11,India,Android,1,2,0,0,13,0,3,2,0.3333333333333333,0.0,4.333333333333333
416,27841,2026-09-24,2026-08-11,EU,iOS,0,1,0,0,6,0,1,1,0.0,0.0,6.0
417,27845,2026-09-24,2026-08-11,Rest,Web,3,6,3,1,154,1,12,3,0.25,0.08333333333333333,12.833333333333334
418,27846,2026-09-24,2026-08-11,Rest,Web,6,1,1,1,108,1,8,3,0.75,0.125,13.5
419,27849,2026-09-24,2026-08-11,US,Android,1,1,1,1,8,0,3,3,0.3333333333333333,0.3333333333333333,2.6666666666666665
420,27850,2026-09-24,2026-08-11,India,Web,7,4,5,0,248,0,16,3,0.4375,0.0,15.5
421,27854,2026-09-24,2026-08-11,US,Web,0,0,0,0,0,0,0,0,0.0,0.0,0.0
422,27855,2026-09-24,2026-08-11,US,Web,2,0,0,1,14,0,2,1,1.0,0.5,7.0
423,27858,2026-09-24,2026-08-11,US,Web,2,9,9,7,113,1,20,3,0.1,0.35,5.65
424,27859,2026-09-24,2026-08-11,India,Web,4,3,2,5,110,1,9,3,0.4444444444444444,0.5555555555555556,12.222222222222221
425,27862,2026-09-24,2026-08-11,US,Android,8,1,1,5,103,0,10,3,0.8,0.5,10.3
426,27865,2026-09-24,2026-08-11,US,Web,0,2,3,2,51,0,5,2,0.0,0.4,10.2
427,27866,2026-09-24,2026-08-11,Rest,Android,6,10,2,7,172,1,18,3,0.3333333333333333,0.3888888888888889,9.555555555555555
428,27868,2026-09-24,2026-08-11,EU,Web,8,1,2,6,123,1,11,3,0.7272727272727273,0.5454545454545454,11.181818181818182
429,27871,2026-09-24,2026-08-11,US,Web,5,1,1,1,51,0,7,3,0.7142857142857143,0.14285714285714285,7.285714285714286
430,27873,2026-09-24,2026-08-11,Rest,iOS,4,0,0,1,38,1,4,1,1.0,0.25,9.5
431,27876,2026-09-24,2026-08-11,EU,iOS,5,5,9,8,210,1,19,3,0.2631578947368421,0.42105263157894735,11.052631578947368
432,27878,2026-09-24,2026-08-11,India,Android,3,1,5,0,98,0,9,3,0.3333333333333333,0.0,10.88888888888889
433,27885,2026-09-24,2026-08-11,EU,Web,6,3,4,3,164,1,13,3,0.46153846153846156,0.23076923076923078,12.615384615384615
434,27887,2026-09-24,2026-08-11,US,iOS,6,4,5,11,117,1,15,3,0.4,0.7333333333333333,7.8
435,27888,2026-09-24,2026-08-11,US,Web,3,7,3,1,102,1,13,3,0.23076923076923078,0.07692307692307693,7.846153846153846
436,27889,2026-09-24,2026-08-11,EU,Android,2,4,7,6,135,1,13,3,0.15384615384615385,0.46153846153846156,10.384615384615385
437,27891,2026-09-24,2026-08-11,US,Web,12,3,1,1,200,1,16,3,0.75,0.0625,12.5
438,27892,2026-09-24,2026-08-11,Rest,iOS,4,1,0,0,44,0,5,2,0.8,0.0,8.8
439,27893,2026-09-24,2026-08-11,India,Android,1,1,6,5,127,0,8,3,0.125,0.625,15.875
440,27895,2026-09-24,2026-08-11,India,Web,8,11,9,6,323,0,28,3,0.2857142857142857,0.21428571428571427,11.535714285714286
441,27896,2026-09-24,2026-08-11,Rest,iOS,5,2,3,4,95,1,10,3,0.5,0.4,9.5
442,27898,2026-09-24,2026-08-11,US,Web,1,1,3,2,43,0,5,3,0.2,0.4,8.6
443,27899,2026-09-24,2026-08-11,US,iOS,2,1,1,1,26,0,4,3,0.5,0.25,6.5
444,27900,2026-09-24,2026-08-12,India,iOS,5,4,0,3,77,1,9,2,0.5555555555555556,0.3333333333333333,8.555555555555555
445,27903,2026-09-24,2026-08-12,US,Web,7,1,7,2,156,1,15,3,0.4666666666666667,0.13333333333333333,10.4
446,27904,2026-09-24,2026-08-12,India,Web,5,0,2,6,21,0,7,2,0.7142857142857143,0.8571428571428571,3.0
447,27905,2026-09-24,2026-08-12,India,iOS,1,2,2,2,82,1,5,3,0.2,0.4,16.4
448,27906,2026-09-24,2026-08-12,EU,Web,6,3,6,5,184,1,15,3,0.4,0.3333333333333333,12.266666666666667
449,27908,2026-09-24,2026-08-12,EU,Web,5,0,0,1,21,1,5,1,1.0,0.2,4.2
450,27911,2026-09-24,2026-08-12,India,Android,2,0,0,1,10,0,2,1,1.0,0.5,5.0
451,27915,2026-09-24,2026-08-12,Rest,iOS,1,0,1,1,17,0,2,2,0.5,0.5,8.5
452,27916,2026-09-24,2026-08-12,US,Web,2,2,2,2,63,1,6,3,0.3333333333333333,0.3333333333333333,10.5
453,27919,2026-09-24,2026-08-12,Rest,Android,2,3,2,1,83,0,7,3,0.2857142857142857,0.14285714285714285,11.857142857142858
454,27922,2026-09-24,2026-08-12,US,Android,5,9,6,7,221,1,20,3,0.25,0.35,11.05
455,27924,2026-09-24,2026-08-12,US,iOS,2,1,1,3,46,0,4,3,0.5,0.75,11.5
456,27926,2026-09-24,2026-08-12,US,iOS,0,1,2,3,34,0,3,2,0.0,1.0,11.333333333333334
457,27927,2026-09-24,2026-08-12,Rest,Web,2,1,0,0,53,0,3,2,0.6666666666666666,0.0,17.666666666666668
458,27928,2026-09-24,2026-08-12,India,Web,3,0,1,2,60,0,4,2,0.75,0.5,15.0
459,27933,2026-09-24,2026-08-12,India,Web,3,10,5,3,162,1,18,3,0.16666666666666666,0.16666666666666666,9.0
460,27934,2026-09-24,2026-08-12,EU,iOS,2,3,3,2,64,1,8,3,0.25,0.25,8.0
461,27935,2026-09-24,2026-08-12,EU,iOS,4,4,2,5,145,1,10,3,0.4,0.5,14.5
462,27936,2026-09-24,2026-08-12,US,Web,3,2,2,3,141,1,7,3,0.42857142857142855,0.42857142857142855,20.142857142857142
463,27938,2026-09-24,2026-08-12,Rest,iOS,10,7,5,4,254,1,22,3,0.45454545454545453,0.18181818181818182,11.545454545454545
464,27939,2026-09-24,2026-08-12,US,Web,1,2,0,0,20,1,3,2,0.3333333333333333,0.0,6.666666666666667
465,27940,2026-09-24,2026-08-12,US,iOS,3,3,6,4,132,1,12,3,0.25,0.3333333333333333,11.0
466,27941,2026-09-24,2026-08-12,US,iOS,3,1,4,7,65,1,8,3,0.375,0.875,8.125
467,27943,2026-09-24,2026-08-12,US,Android,1,0,4,1,33,0,5,2,0.2,0.2,6.6
468,27948,2026-09-24,2026-08-12,EU,Web,11,0,2,6,92,0,13,2,0.8461538461538461,0.46153846153846156,7.076923076923077
469,27949,2026-09-24,2026-08-12,EU,iOS,8,8,8,12,300,1,24,3,0.3333333333333333,0.5,12.5
470,27950,2026-09-24,2026-08-12,US,Android,7,2,3,4,146,1,12,3,0.5833333333333334,0.3333333333333333,12.166666666666666
471,27951,2026-09-24,2026-08-12,US,Android,5,3,4,4,99,1,12,3,0.4166666666666667,0.3333333333333333,8.25
472,27952,2026-09-24,2026-08-12,US,Web,6,6,4,1,115,0,16,3,0.375,0.0625,7.1875
473,27954,2026-09-24,2026-08-12,India,Web,0,0,1,1,6,0,1,1,0.0,1.0,6.0
474,27955,2026-09-24,2026-08-12,US,Android,0,1,2,2,29,0,3,2,0.0,0.6666666666666666,9.666666666666666
475,27956,2026-09-24,2026-08-12,US,Android,5,1,1,2,82,1,7,3,0.7142857142857143,0.2857142857142857,11.714285714285714
476,27957,2026-09-24,2026-08-12,India,Android,2,0,1,2,61,1,3,2,0.6666666666666666,0.6666666666666666,20.333333333333332
477,27960,2026-09-24,2026-08-12,India,Android,1,2,1,1,40,0,4,3,0.25,0.25,10.0
478,27961,2026-09-24,2026-08-12,US,iOS,0,1,5,5,51,1,6,2,0.0,0.8333333333333334,8.5
479,27962,2026-09-24,2026-08-12,India,Android,3,3,2,1,79,1,8,3,0.375,0.125,9.875
480,27964,2026-09-24,2026-08-12,Rest,iOS,6,0,0,0,28,0,6,1,1.0,0.0,4.666666666666667
481,27965,2026-09-24,2026-08-12,US,Web,1,5,2,2,102,1,8,3,0.125,0.25,12.75
482,27966,2026-09-24,2026-08-12,India,iOS,3,2,4,2,52,1,9,3,0.3333333333333333,0.2222222222222222,5.777777777777778
483,27967,2026-09-24,2026-08-12,EU,Android,6,4,7,5,194,1,17,3,0.35294117647058826,0.29411764705882354,11.411764705882353
484,27970,2026-09-24,2026-08-12,India,iOS,1,3,0,3,27,1,4,2,0.25,0.75,6.75
485,27971,2026-09-24,2026-08-12,US,Android,6,1,0,2,70,0,7,2,0.8571428571428571,0.2857142857142857,10.0
486,27972,2026-09-24,2026-08-12,EU,iOS,0,1,1,1,12,0,2,2,0.0,0.5,6.0
487,27973,2026-09-24,2026-08-13,India,Android,5,1,1,2,79,0,7,3,0.7142857142857143,0.2857142857142857,11.285714285714286
488,27974,2026-09-24,2026-08-13,Rest,Android,3,0,0,1,22,0,3,1,1.0,0.3333333333333333,7.333333333333333
489,27977,2026-09-24,2026-08-13,India,Web,7,4,3,3,156,1,14,3,0.5,0.21428571428571427,11.142857142857142
490,27979,2026-09-24,2026-08-13,US,Web,6,2,0,3,97,0,8,2,0.75,0.375,12.125
491,27981,2026-09-24,2026-08-13,US,iOS,4,1,2,3,116,0,7,3,0.5714285714285714,0.42857142857142855,16.571428571428573
492,27982,2026-09-24,2026-08-13,EU,Android,16,3,2,3,390,1,21,3,0.7619047619047619,0.14285714285714285,18.571428571428573
493,27985,2026-09-24,2026-08-13,India,iOS,5,2,5,11,86,1,12,3,0.4166666666666667,0.9166666666666666,7.166666666666667
494,27988,2026-09-24,2026-08-13,EU,iOS,2,3,2,0,102,0,7,3,0.2857142857142857,0.0,14.571428571428571
495,27992,2026-09-24,2026-08-13,EU,Web,10,1,1,2,79,0,12,3,0.8333333333333334,0.16666666666666666,6.583333333333333
496,27993,2026-09-24,2026-08-13,US,Web,6,5,2,9,180,1,13,3,0.46153846153846156,0.6923076923076923,13.846153846153847
497,27994,2026-09-24,2026-08-13,EU,Web,1,1,3,3,34,0,5,3,0.2,0.6,6.8
498,27996,2026-09-24,2026-08-13,Rest,Web,3,7,8,3,213,1,18,3,0.16666666666666666,0.16666666666666666,11.833333333333334
499,27998,2026-09-24,2026-08-13,US,Android,9,1,2,7,143,0,12,3,0.75,0.5833333333333334,11.916666666666666
500,27999,2026-09-24,2026-08-13,India,Android,1,0,1,0,31,0,2,2,0.5,0.0,15.5
501,28003,2026-09-24,2026-08-13,Rest,iOS,4,1,1,1,55,0,6,3,0.6666666666666666,0.16666666666666666,9.166666666666666
502,28005,2026-09-24,2026-08-13,EU,Android,5,0,0,1,56,1,5,1,1.0,0.2,11.2
503,28008,2026-09-24,2026-08-13,India,iOS,0,5,3,1,163,0,8,2,0.0,0.125,20.375
504,28009,2026-09-24,2026-08-13,Rest,iOS,5,8,5,5,180,0,18,3,0.2777777777777778,0.2777777777777778,10.0
505,28014,2026-09-24,2026-08-13,US,iOS,7,9,9,11,283,1,25,3,0.28,0.44,11.32
506,28016,2026-09-24,2026-08-13,Rest,iOS,5,1,2,0,108,0,8,3,0.625,0.0,13.5
507,28019,2026-09-24,2026-08-13,EU,Android,3,2,4,5,65,1,9,3,0.3333333333333333,0.5555555555555556,7.222222222222222
508,28020,2026-09-24,2026-08-13,India,iOS,5,1,2,5,112,0,8,3,0.625,0.625,14.0
509,28021,2026-09-24,2026-08-13,US,Web,4,0,0,2,10,0,4,1,1.0,0.5,2.5
510,28022,2026-09-24,2026-08-13,US,Web,2,1,1,3,39,0,4,3,0.5,0.75,9.75
511,28024,2026-09-24,2026-08-13,US,iOS,3,1,2,3,38,1,6,3,0.5,0.5,6.333333333333333
512,28025,2026-09-24,2026-08-13,Rest,Android,13,2,1,4,125,0,16,3,0.8125,0.25,7.8125
513,28027,2026-09-24,2026-08-13,India,iOS,4,0,1,4,74,0,5,2,0.8,0.8,14.8
514,28028,2026-09-24,2026-08-13,US,Android,7,9,9,5,217,1,25,3,0.28,0.2,8.68
515,28029,2026-09-24,2026-08-13,EU,iOS,0,0,0,0,0,0,0,0,0.0,0.0,0.0
516,28032,2026-09-24,2026-08-14,EU,iOS,1,3,5,5,51,1,9,3,0.1111111111111111,0.5555555555555556,5.666666666666667
517,28033,2026-09-24,2026-08-14,US,Android,6,2,5,12,207,1,13,3,0.46153846153846156,0.9230769230769231,15.923076923076923
518,28035,2026-09-24,2026-08-14,US,iOS,3,4,3,8,190,0,10,3,0.3,0.8,19.0
519,28036,2026-09-24,2026-08-14,US,iOS,5,2,3,2,127,1,10,3,0.5,0.2,12.7
520,28038,2026-09-24,2026-08-14,Rest,iOS,6,5,2,2,166,0,13,3,0.46153846153846156,0.15384615384615385,12.76923076923077
521,28039,2026-09-24,2026-08-14,India,Android,4,4,2,10,141,0,10,3,0.4,1.0,14.1
522,28040,2026-09-24,2026-08-14,EU,Web,0,1,1,0,20,0,2,2,0.0,0.0,10.0
523,28042,2026-09-24,2026-08-14,Rest,Android,4,3,3,5,89,1,10,3,0.4,0.5,8.9
524,28043,2026-09-24,2026-08-14,Rest,Web,6,2,6,0,123,1,14,3,0.42857142857142855,0.0,8.785714285714286
525,28045,2026-09-24,2026-08-14,US,iOS,2,6,4,3,119,1,12,3,0.16666666666666666,0.25,9.916666666666666
526,28047,2026-09-24,2026-08-14,US,iOS,1,0,0,0,4,0,1,1,1.0,0.0,4.0
527,28049,2026-09-24,2026-08-14,EU,Android,3,1,2,1,55,0,6,3,0.5,0.16666666666666666,9.166666666666666
528,28050,2026-09-24,2026-08-14,India,iOS,9,2,0,1,109,0,11,2,0.8181818181818182,0.09090909090909091,9.909090909090908
529,28051,2026-09-24,2026-08-14,Rest,iOS,7,5,6,4,153,1,18,3,0.3888888888888889,0.2222222222222222,8.5
530,28052,2026-09-24,2026-08-14,EU,Android,6,5,4,11,209,0,15,3,0.4,0.7333333333333333,13.933333333333334
531,28055,2026-09-24,2026-08-14,EU,Android,0,1,0,0,12,0,1,1,0.0,0.0,12.0
532,28057,2026-09-24,2026-08-14,US,Android,5,0,2,3,133,0,7,2,0.7142857142857143,0.42857142857142855,19.0
533,28060,2026-09-24,2026-08-14,US,Android,2,0,0,0,11,0,2,1,1.0,0.0,5.5
534,28061,2026-09-24,2026-08-14,US,Web,1,2,0,1,17,1,3,2,0.3333333333333333,0.3333333333333333,5.666666666666667
535,28063,2026-09-24,2026-08-14,EU,Android,1,0,0,0,43,0,1,1,1.0,0.0,43.0
536,28067,2026-09-24,2026-08-14,US,Android,2,2,4,4,86,1,8,3,0.25,0.5,10.75
537,28071,2026-09-24,2026-08-14,US,iOS,4,2,1,3,120,1,7,3,0.5714285714285714,0.42857142857142855,17.142857142857142
538,28075,2026-09-24,2026-08-14,US,Web,7,3,0,4,161,0,10,2,0.7,0.4,16.1
539,28076,2026-09-24,2026-08-14,Rest,iOS,19,0,3,16,259,1,22,2,0.8636363636363636,0.7272727272727273,11.772727272727273
540,28077,2026-09-24,2026-08-14,Rest,iOS,7,2,3,6,113,0,12,3,0.5833333333333334,0.5,9.416666666666666
541,28078,2026-09-24,2026-08-14,US,Web,4,1,1,1,65,0,6,3,0.6666666666666666,0.16666666666666666,10.833333333333334
542,28079,2026-09-24,2026-08-14,US,Web,5,5,1,2,116,0,11,3,0.45454545454545453,0.18181818181818182,10.545454545454545
543,28082,2026-09-24,2026-08-14,India,Web,5,5,4,3,149,0,14,3,0.35714285714285715,0.21428571428571427,10.642857142857142
544,28084,2026-09-24,2026-08-14,US,iOS,3,8,6,3,207,1,17,3,0.17647058823529413,0.17647058823529413,12.176470588235293
545,28087,2026-09-24,2026-08-14,EU,iOS,4,2,3,1,89,1,9,3,0.4444444444444444,0.1111111111111111,9.88888888888889
546,28089,2026-09-24,2026-08-14,EU,Web,4,0,0,1,28,0,4,1,1.0,0.25,7.0
547,28093,2026-09-24,2026-08-14,India,iOS,1,4,4,5,109,1,9,3,0.1111111111111111,0.5555555555555556,12.11111111111111
548,28094,2026-09-24,2026-08-14,EU,Android,14,2,0,9,145,0,16,2,0.875,0.5625,9.0625
549,28095,2026-09-24,2026-08-14,EU,Web,3,5,3,4,137,0,11,3,0.2727272727272727,0.36363636363636365,12.454545454545455
550,28096,2026-09-24,2026-08-14,EU,Android,3,5,5,6,128,1,13,3,0.23076923076923078,0.46153846153846156,9.846153846153847
551,28097,2026-09-24,2026-08-14,US,Web,4,1,1,1,20,0,6,3,0.6666666666666666,0.16666666666666666,3.3333333333333335
552,28098,2026-09-24,2026-08-14,EU,iOS,4,3,3,4,139,1,10,3,0.4,0.4,13.9
553,28099,2026-09-24,2026-08-14,Rest,Android,6,1,3,1,106,0,10,3,0.6,0.1,10.6
554,28100,2026-09-24,2026-08-14,US,Web,3,2,1,1,62,1,6,3,0.5,0.16666666666666666,10.333333333333334
555,28101,2026-09-24,2026-08-14,India,Web,0,0,2,1,13,0,2,1,0.0,0.5,6.5
556,28102,2026-09-24,2026-08-14,US,Android,9,5,2,11,234,1,16,3,0.5625,0.6875,14.625
557,28104,2026-09-24,2026-08-14,India,Web,2,2,2,1,100,0,6,3,0.3333333333333333,0.16666666666666666,16.666666666666668
558,28105,2026-09-24,2026-08-14,US,Web,3,0,2,2,50,1,5,2,0.6,0.4,10.0
559,28106,2026-09-24,2026-08-14,Rest,iOS,0,6,2,1,52,1,8,2,0.0,0.125,6.5
560,28108,2026-09-24,2026-08-14,EU,Web,15,9,7,23,337,1,31,3,0.4838709677419355,0.7419354838709677,10.870967741935484
561,28109,2026-09-24,2026-08-14,US,iOS,13,0,0,11,170,0,13,1,1.0,0.8461538461538461,13.076923076923077
562,28111,2026-09-24,2026-08-15,US,Android,0,1,2,2,41,1,3,2,0.0,0.6666666666666666,13.666666666666666
563,28113,2026-09-24,2026-08-15,US,Web,10,1,1,3,89,1,12,3,0.8333333333333334,0.25,7.416666666666667
564,28115,2026-09-24,2026-08-15,US,Android,2,1,1,3,129,1,4,3,0.5,0.75,32.25
565,28117,2026-09-24,2026-08-15,Rest,Web,3,1,5,2,121,0,9,3,0.3333333333333333,0.2222222222222222,13.444444444444445
566,28118,2026-09-24,2026-08-15,India,Web,0,5,1,3,72,0,6,2,0.0,0.5,12.0
567,28120,2026-09-24,2026-08-15,India,Android,0,2,1,1,85,1,3,2,0.0,0.3333333333333333,28.333333333333332
568,28124,2026-09-24,2026-08-15,Rest,Android,5,1,0,5,40,0,6,2,0.8333333333333334,0.8333333333333334,6.666666666666667
569,28126,2026-09-24,2026-08-15,Rest,Web,1,2,5,1,64,0,8,3,0.125,0.125,8.0
570,28128,2026-09-24,2026-08-15,India,iOS,1,1,1,0,39,0,3,3,0.3333333333333333,0.0,13.0
571,28129,2026-09-24,2026-08-15,US,iOS,4,4,9,1,192,1,17,3,0.23529411764705882,0.058823529411764705,11.294117647058824
572,28130,2026-09-24,2026-08-15,India,Android,2,2,1,3,116,1,5,3,0.4,0.6,23.2
573,28133,2026-09-24,2026-08-15,US,iOS,6,2,5,5,184,1,13,3,0.46153846153846156,0.38461538461538464,14.153846153846153
574,28135,2026-09-24,2026-08-15,US,Android,2,2,1,5,40,0,5,3,0.4,1.0,8.0
575,28137,2026-09-24,2026-08-15,US,iOS,3,3,10,4,137,1,16,3,0.1875,0.25,8.5625
576,28139,2026-09-24,2026-08-15,US,Android,1,6,1,1,68,1,8,3,0.125,0.125,8.5
577,28141,2026-09-24,2026-08-15,Rest,iOS,3,2,3,6,164,1,8,3,0.375,0.75,20.5
578,28144,2026-09-24,2026-08-15,Rest,Web,1,1,2,4,34,0,4,3,0.25,1.0,8.5
579,28146,2026-09-24,2026-08-15,India,Android,1,3,1,1,50,0,5,3,0.2,0.2,10.0
580,28148,2026-09-24,2026-08-15,Rest,Web,0,2,0,0,7,0,2,1,0.0,0.0,3.5
581,28149,2026-09-24,2026-08-15,India,iOS,1,2,1,2,31,1,4,3,0.25,0.5,7.75
582,28150,2026-09-24,2026-08-15,US,Web,7,6,3,2,199,1,16,3,0.4375,0.125,12.4375
583,28151,2026-09-24,2026-08-15,US,Android,1,0,0,0,3,0,1,1,1.0,0.0,3.0
584,28154,2026-09-24,2026-08-15,Rest,Android,2,1,1,3,42,1,4,3,0.5,0.75,10.5
585,28155,2026-09-24,2026-08-15,EU,Web,4,3,2,4,128,1,9,3,0.4444444444444444,0.4444444444444444,14.222222222222221
586,28161,2026-09-24,2026-08-15,US,Web,2,2,8,5,107,1,12,3,0.16666666666666666,0.4166666666666667,8.916666666666666
587,28162,2026-09-24,2026-08-15,Rest,Android,2,6,4,1,117,1,12,3,0.16666666666666666,0.08333333333333333,9.75
588,28163,2026-09-24,2026-08-15,EU,iOS,0,0,4,1,35,0,4,1,0.0,0.25,8.75
589,28165,2026-09-24,2026-08-15,Rest,iOS,2,2,3,6,51,1,7,3,0.2857142857142857,0.8571428571428571,7.285714285714286
590,28166,2026-09-24,2026-08-15,Rest,Android,3,1,4,4,99,1,8,3,0.375,0.5,12.375
591,28167,2026-09-24,2026-08-15,US,Android,4,7,2,4,130,1,13,3,0.3076923076923077,0.3076923076923077,10.0
592,28168,2026-09-24,2026-08-15,EU,Web,1,0,1,0,25,0,2,2,0.5,0.0,12.5
593,28173,2026-09-24,2026-08-15,Rest,iOS,2,3,3,2,72,1,8,3,0.25,0.25,9.0
594,28174,2026-09-24,2026-08-15,US,Web,0,1,1,2,23,0,2,2,0.0,1.0,11.5
595,28175,2026-09-24,2026-08-15,US,iOS,4,2,0,1,90,0,6,2,0.6666666666666666,0.16666666666666666,15.0
596,28176,2026-09-24,2026-08-15,India,Web,5,3,2,7,134,1,10,3,0.5,0.7,13.4
597,28178,2026-09-24,2026-08-15,EU,Android,3,4,3,2,104,0,10,3,0.3,0.2,10.4
598,28179,2026-09-24,2026-08-15,US,iOS,1,0,0,1,8,0,1,1,1.0,1.0,8.0
599,28183,2026-09-24,2026-08-15,US,iOS,3,3,3,2,131,1,9,3,0.3333333333333333,0.2222222222222222,14.555555555555555
600,28186,2026-09-24,2026-08-16,India,Web,20,1,4,6,248,0,25,3,0.8,0.24,9.92
601,28190,2026-09-24,2026-08-16,Rest,Android,6,5,11,13,122,1,22,3,0.2727272727272727,0.5909090909090909,5.545454545454546
602,28194,2026-09-24,2026-08-16,US,Web,5,3,1,4,165,1,9,3,0.5555555555555556,0.4444444444444444,18.333333333333332
603,28195,2026-09-24,2026-08-16,India,Android,1,2,3,2,44,0,6,3,0.16666666666666666,0.3333333333333333,7.333333333333333
604,28197,2026-09-24,2026-08-16,Rest,Web,2,7,2,4,148,1,11,3,0.18181818181818182,0.36363636363636365,13.454545454545455
605,28198,2026-09-24,2026-08-16,US,iOS,4,2,1,3,112,1,7,3,0.5714285714285714,0.42857142857142855,16.0
606,28200,2026-09-24,2026-08-16,India,Web,6,6,2,2,165,1,14,3,0.42857142857142855,0.14285714285714285,11.785714285714286
607,28202,2026-09-24,2026-08-16,US,Android,3,2,7,4,117,1,12,3,0.25,0.3333333333333333,9.75
608,28203,2026-09-24,2026-08-16,US,Web,1,0,1,0,43,0,2,2,0.5,0.0,21.5
609,28204,2026-09-24,2026-08-16,EU,iOS,4,1,1,2,54,0,6,3,0.6666666666666666,0.3333333333333333,9.0
610,28205,2026-09-24,2026-08-16,US,Web,2,5,6,4,163,1,13,3,0.15384615384615385,0.3076923076923077,12.538461538461538
611,28206,2026-09-24,2026-08-16,US,Web,1,5,1,2,77,1,7,3,0.14285714285714285,0.2857142857142857,11.0
612,28207,2026-09-24,2026-08-16,EU,Web,2,2,4,1,113,0,8,3,0.25,0.125,14.125
613,28208,2026-09-24,2026-08-16,US,Web,2,2,4,2,150,1,8,3,0.25,0.25,18.75
614,28212,2026-09-24,2026-08-16,US,iOS,6,5,9,5,215,1,20,3,0.3,0.25,10.75
615,28218,2026-09-24,2026-08-16,US,iOS,1,0,1,0,15,0,2,2,0.5,0.0,7.5
616,28219,2026-09-24,2026-08-16,EU,iOS,0,5,4,0,97,0,9,2,0.0,0.0,10.777777777777779
617,28220,2026-09-24,2026-08-16,US,iOS,5,6,4,6,154,1,15,3,0.3333333333333333,0.4,10.266666666666667
618,28222,2026-09-24,2026-08-16,EU,Android,7,4,4,0,148,1,15,3,0.4666666666666667,0.0,9.866666666666667
619,28223,2026-09-24,2026-08-16,EU,Android,2,0,2,1,50,0,4,2,0.5,0.25,12.5
620,28224,2026-09-24,2026-08-16,Rest,Android,5,0,0,1,56,0,5,1,1.0,0.2,11.2
621,28225,2026-09-24,2026-08-16,Rest,iOS,4,4,3,9,100,1,11,3,0.36363636363636365,0.8181818181818182,9.090909090909092
622,28227,2026-09-24,2026-08-16,US,iOS,1,3,1,3,62,0,5,3,0.2,0.6,12.4
623,28229,2026-09-24,2026-08-16,EU,Web,2,2,2,3,51,0,6,3,0.3333333333333333,0.5,8.5
624,28232,2026-09-24,2026-08-16,US,iOS,10,11,7,3,247,1,28,3,0.35714285714285715,0.10714285714285714,8.821428571428571
625,28233,2026-09-24,2026-08-16,Rest,iOS,1,3,2,1,85,1,6,3,0.16666666666666666,0.16666666666666666,14.166666666666666
626,28234,2026-09-24,2026-08-16,US,iOS,3,1,1,1,50,0,5,3,0.6,0.2,10.0
627,28235,2026-09-24,2026-08-16,Rest,Android,9,0,0,5,86,1,9,1,1.0,0.5555555555555556,9.555555555555555
628,28237,2026-09-24,2026-08-16,Rest,Android,4,3,2,4,92,1,9,3,0.4444444444444444,0.4444444444444444,10.222222222222221
629,28238,2026-09-24,2026-08-16,US,Web,2,1,3,1,61,1,6,3,0.3333333333333333,0.16666666666666666,10.166666666666666
630,28239,2026-09-24,2026-08-16,EU,Android,2,4,0,3,40,1,6,2,0.3333333333333333,0.5,6.666666666666667
631,28240,2026-09-24,2026-08-16,US,Web,5,2,3,1,98,1,10,3,0.5,0.1,9.8
632,28241,2026-09-24,2026-08-16,EU,Android,1,3,0,1,25,0,4,2,0.25,0.25,6.25
633,28242,2026-09-24,2026-08-16,India,Android,4,3,1,2,162,0,8,3,0.5,0.25,20.25
634,28243,2026-09-24,2026-08-16,India,iOS,5,6,9,3,202,1,20,3,0.25,0.15,10.1
635,28244,2026-09-24,2026-08-16,EU,Android,4,5,1,4,71,1,10,3,0.4,0.4,7.1
636,28245,2026-09-24,2026-08-16,Rest,Android,1,3,1,1,58,1,5,3,0.2,0.2,11.6
637,28248,2026-09-24,2026-08-16,EU,Web,4,6,7,5,173,1,17,3,0.23529411764705882,0.29411764705882354,10.176470588235293
638,28250,2026-09-24,2026-08-16,EU,Android,1,0,0,1,5,0,1,1,1.0,1.0,5.0
639,28251,2026-09-24,2026-08-16,US,iOS,2,0,1,3,40,0,3,2,0.6666666666666666,1.0,13.333333333333334
640,28252,2026-09-24,2026-08-16,Rest,Android,0,0,3,2,16,0,3,1,0.0,0.6666666666666666,5.333333333333333
641,28258,2026-09-24,2026-08-17,US,Web,8,3,1,2,74,0,12,3,0.6666666666666666,0.16666666666666666,6.166666666666667
642,28260,2026-09-24,2026-08-17,EU,Android,1,1,0,1,18,0,2,2,0.5,0.5,9.0
643,28262,2026-09-24,2026-08-17,EU,Web,11,1,2,2,173,0,14,3,0.7857142857142857,0.14285714285714285,12.357142857142858
644,28263,2026-09-24,2026-08-17,US,iOS,1,2,2,3,36,1,5,3,0.2,0.6,7.2
645,28264,2026-09-24,2026-08-17,India,Web,7,2,2,2,78,0,11,3,0.6363636363636364,0.18181818181818182,7.090909090909091
646,28265,2026-09-24,2026-08-17,US,Android,10,0,0,5,66,0,10,1,1.0,0.5,6.6
647,28268,2026-09-24,2026-08-17,Rest,Android,0,0,0,0,0,1,0,0,0.0,0.0,0.0
648,28269,2026-09-24,2026-08-17,Rest,Android,0,2,2,1,43,1,4,2,0.0,0.25,10.75
649,28271,2026-09-24,2026-08-17,Rest,Web,4,1,1,2,80,1,6,3,0.6666666666666666,0.3333333333333333,13.333333333333334
650,28272,2026-09-24,2026-08-17,US,Web,1,0,0,0,12,0,1,1,1.0,0.0,12.0
651,28276,2026-09-24,2026-08-17,US,iOS,32,3,4,27,383,0,39,3,0.8205128205128205,0.6923076923076923,9.820512820512821
652,28279,2026-09-24,2026-08-17,EU,Web,1,5,5,1,80,1,11,3,0.09090909090909091,0.09090909090909091,7.2727272727272725
653,28281,2026-09-24,2026-08-17,Rest,Android,0,5,1,4,35,1,6,2,0.0,0.6666666666666666,5.833333333333333
654,28282,2026-09-24,2026-08-17,Rest,Web,0,0,1,0,9,0,1,1,0.0,0.0,9.0
655,28283,2026-09-24,2026-08-17,EU,Android,4,1,2,3,110,1,7,3,0.5714285714285714,0.42857142857142855,15.714285714285714
656,28286,2026-09-24,2026-08-17,Rest,Web,2,1,3,1,56,1,6,3,0.3333333333333333,0.16666666666666666,9.333333333333334
657,28287,2026-09-24,2026-08-17,US,Android,8,6,11,18,237,1,25,3,0.32,0.72,9.48
658,28288,2026-09-24,2026-08-17,EU,Web,0,2,0,1,6,0,2,1,0.0,0.5,3.0
659,28290,2026-09-24,2026-08-17,EU,Web,10,4,4,2,195,1,18,3,0.5555555555555556,0.1111111111111111,10.833333333333334
660,28292,2026-09-24,2026-08-17,India,iOS,2,4,3,6,76,1,9,3,0.2222222222222222,0.6666666666666666,8.444444444444445
661,28293,2026-09-24,2026-08-17,Rest,Web,2,1,2,1,88,0,5,3,0.4,0.2,17.6
662,28295,2026-09-24,2026-08-17,US,Android,2,3,4,6,53,1,9,3,0.2222222222222222,0.6666666666666666,5.888888888888889
663,28296,2026-09-24,2026-08-17,EU,Android,2,2,2,4,81,1,6,3,0.3333333333333333,0.6666666666666666,13.5
664,28297,2026-09-24,2026-08-17,US,Android,4,1,1,1,64,0,6,3,0.6666666666666666,0.16666666666666666,10.666666666666666
665,28298,2026-09-24,2026-08-17,Rest,Android,1,2,4,5,64,0,7,3,0.14285714285714285,0.7142857142857143,9.142857142857142
666,28299,2026-09-24,2026-08-17,US,Android,0,0,1,1,7,0,1,1,0.0,1.0,7.0
667,28305,2026-09-24,2026-08-17,Rest,iOS,7,4,3,9,147,1,14,3,0.5,0.6428571428571429,10.5
668,28308,2026-09-24,2026-08-17,India,Web,2,3,2,2,34,1,7,3,0.2857142857142857,0.2857142857142857,4.857142857142857
669,28309,2026-09-24,2026-08-17,Rest,Web,2,2,2,0,68,1,6,3,0.3333333333333333,0.0,11.333333333333334
670,28310,2026-09-24,2026-08-17,India,Web,1,2,0,2,52,0,3,2,0.3333333333333333,0.6666666666666666,17.333333333333332
671,28311,2026-09-24,2026-08-17,Rest,Android,2,2,3,3,42,1,7,3,0.2857142857142857,0.42857142857142855,6.0
672,28313,2026-09-24,2026-08-17,US,Android,6,0,1,2,142,0,7,2,0.8571428571428571,0.2857142857142857,20.285714285714285
673,28314,2026-09-24,2026-08-17,US,Web,3,0,0,1,105,0,3,1,1.0,0.3333333333333333,35.0
674,28315,2026-09-24,2026-08-17,US,Android,3,2,3,1,108,1,8,3,0.375,0.125,13.5
675,28317,2026-09-24,2026-08-17,US,Web,4,1,0,2,36,0,5,2,0.8,0.4,7.2
676,28318,2026-09-24,2026-08-17,US,Web,1,2,1,1,93,0,4,3,0.25,0.25,23.25
677,28319,2026-09-24,2026-08-17,US,iOS,4,3,4,10,85,1,11,3,0.36363636363636365,0.9090909090909091,7.7272727272727275
678,28320,2026-09-24,2026-08-17,US,Android,4,6,5,10,183,1,15,3,0.26666666666666666,0.6666666666666666,12.2
679,28321,2026-09-24,2026-08-17,US,Android,3,9,1,3,230,1,13,3,0.23076923076923078,0.23076923076923078,17.692307692307693
680,28322,2026-09-24,2026-08-17,Rest,iOS,1,1,2,1,27,1,4,3,0.25,0.25,6.75
681,28323,2026-09-24,2026-08-17,India,Android,3,3,2,2,60,1,8,3,0.375,0.25,7.5
682,28324,2026-09-24,2026-08-17,Rest,iOS,5,2,7,4,99,1,14,3,0.35714285714285715,0.2857142857142857,7.071428571428571
683,28329,2026-09-24,2026-08-17,US,Android,6,0,0,5,39,0,6,1,1.0,0.8333333333333334,6.5
684,28330,2026-09-24,2026-08-17,Rest,Android,26,0,0,4,265,0,26,1,1.0,0.15384615384615385,10.192307692307692
685,28331,2026-09-24,2026-08-17,EU,iOS,2,4,5,0,103,1,11,3,0.18181818181818182,0.0,9.363636363636363
686,28332,2026-09-24,2026-08-17,Rest,iOS,1,2,0,3,27,0,3,2,0.3333333333333333,1.0,9.0
687,28334,2026-09-24,2026-08-17,Rest,Android,2,4,2,6,83,1,8,3,0.25,0.75,10.375
688,28336,2026-09-24,2026-08-18,India,Web,10,1,1,11,107,0,12,3,0.8333333333333334,0.9166666666666666,8.916666666666666
689,28338,2026-09-24,2026-08-18,India,iOS,6,4,2,7,98,1,12,3,0.5,0.5833333333333334,8.166666666666666
690,28341,2026-09-24,2026-08-18,India,iOS,5,9,11,17,289,1,25,3,0.2,0.68,11.56
691,28344,2026-09-24,2026-08-18,US,Android,1,2,4,6,43,1,7,3,0.14285714285714285,0.8571428571428571,6.142857142857143
692,28345,2026-09-24,2026-08-18,US,Web,1,2,2,4,41,0,5,3,0.2,0.8,8.2
693,28346,2026-09-24,2026-08-18,India,iOS,2,0,2,0,48,1,4,2,0.5,0.0,12.0
694,28348,2026-09-24,2026-08-18,EU,Web,9,1,0,4,131,0,10,2,0.9,0.4,13.1
695,28352,2026-09-24,2026-08-18,Rest,Android,3,4,1,4,101,1,8,3,0.375,0.5,12.625
696,28355,2026-09-24,2026-08-18,US,Android,0,0,0,0,0,0,0,0,0.0,0.0,0.0
697,28356,2026-09-24,2026-08-18,India,Android,2,4,4,2,121,1,10,3,0.2,0.2,12.1
698,28362,2026-09-24,2026-08-18,EU,Android,13,1,0,11,169,0,14,2,0.9285714285714286,0.7857142857142857,12.071428571428571
699,28363,2026-09-24,2026-08-18,US,Android,3,6,2,3,82,0,11,3,0.2727272727272727,0.2727272727272727,7.454545454545454
700,28364,2026-09-24,2026-08-18,EU,iOS,1,2,3,4,61,1,6,3,0.16666666666666666,0.6666666666666666,10.166666666666666
701,28365,2026-09-24,2026-08-18,EU,Android,5,5,5,3,124,1,15,3,0.3333333333333333,0.2,8.266666666666667
702,28366,2026-09-24,2026-08-18,Rest,iOS,4,2,0,3,33,0,6,2,0.6666666666666666,0.5,5.5
703,28369,2026-09-24,2026-08-18,US,Android,6,1,2,7,81,0,9,3,0.6666666666666666,0.7777777777777778,9.0
704,28373,2026-09-24,2026-08-18,US,iOS,4,4,3,4,94,1,11,3,0.36363636363636365,0.36363636363636365,8.545454545454545
705,28376,2026-09-24,2026-08-18,Rest,iOS,3,11,8,9,257,1,22,3,0.13636363636363635,0.4090909090909091,11.681818181818182
706,28379,2026-09-24,2026-08-18,US,Web,13,7,8,5,313,0,28,3,0.4642857142857143,0.17857142857142858,11.178571428571429
707,28380,2026-09-24,2026-08-18,India,Web,6,11,6,10,242,1,23,3,0.2608695652173913,0.43478260869565216,10.521739130434783
708,28383,2026-09-24,2026-08-18,EU,iOS,0,0,0,0,0,0,0,0,0.0,0.0,0.0
709,28384,2026-09-24,2026-08-18,India,Android,13,3,0,3,168,1,16,2,0.8125,0.1875,10.5
710,28385,2026-09-24,2026-08-18,Rest,Android,1,0,2,1,16,0,3,2,0.3333333333333333,0.3333333333333333,5.333333333333333
711,28386,2026-09-24,2026-08-18,US,iOS,2,4,2,0,67,1,8,3,0.25,0.0,8.375
712,28388,2026-09-24,2026-08-18,US,iOS,4,10,8,11,266,1,22,3,0.18181818181818182,0.5,12.090909090909092
713,28390,2026-09-24,2026-08-18,US,iOS,5,8,6,3,190,1,19,3,0.2631578947368421,0.15789473684210525,10.0
714,28395,2026-09-24,2026-08-18,EU,Android,3,4,7,4,92,1,14,3,0.21428571428571427,0.2857142857142857,6.571428571428571
715,28398,2026-09-24,2026-08-18,EU,Android,3,2,2,3,74,1,7,3,0.42857142857142855,0.42857142857142855,10.571428571428571
716,28403,2026-09-24,2026-08-18,US,Web,4,3,3,0,164,1,10,3,0.4,0.0,16.4
717,28404,2026-09-24,2026-08-18,India,iOS,0,3,0,1,16,0,3,1,0.0,0.3333333333333333,5.333333333333333
718,28405,2026-09-24,2026-08-18,Rest,Web,2,1,2,3,159,1,5,3,0.4,0.6,31.8
719,28410,2026-09-24,2026-08-18,India,iOS,5,3,6,10,147,0,14,3,0.35714285714285715,0.7142857142857143,10.5
720,28415,2026-09-24,2026-08-19,US,Web,0,0,1,0,1,0,1,1,0.0,0.0,1.0
721,28417,2026-09-24,2026-08-19,EU,iOS,4,8,5,7,209,1,17,3,0.23529411764705882,0.4117647058823529,12.294117647058824
722,28419,2026-09-24,2026-08-19,US,iOS,7,1,4,3,229,1,12,3,0.5833333333333334,0.25,19.083333333333332
723,28420,2026-09-24,2026-08-19,Rest,Android,5,0,2,3,56,0,7,2,0.7142857142857143,0.42857142857142855,8.0
724,28422,2026-09-24,2026-08-19,Rest,Web,3,1,4,4,67,1,8,3,0.375,0.5,8.375
725,28423,2026-09-24,2026-08-19,US,iOS,2,3,1,4,133,0,6,3,0.3333333333333333,0.6666666666666666,22.166666666666668
726,28424,2026-09-24,2026-08-19,US,Web,0,0,0,0,0,0,0,0,0.0,0.0,0.0
727,28429,2026-09-24,2026-08-19,US,Web,5,3,2,2,155,1,10,3,0.5,0.2,15.5
728,28430,2026-09-24,2026-08-19,Rest,Web,10,7,6,7,238,0,23,3,0.43478260869565216,0.30434782608695654,10.347826086956522
729,28431,2026-09-24,2026-08-19,US,iOS,21,0,5,7,281,1,26,2,0.8076923076923077,0.2692307692307692,10.807692307692308
730,28432,2026-09-24,2026-08-19,Rest,Web,1,1,4,2,60,0,6,3,0.16666666666666666,0.3333333333333333,10.0
731,28434,2026-09-24,2026-08-19,US,Android,7,0,1,1,63,0,8,2,0.875,0.125,7.875
732,28437,2026-09-24,2026-08-19,EU,Web,1,1,0,1,14,0,2,2,0.5,0.5,7.0
733,28439,2026-09-24,2026-08-19,US,iOS,1,4,5,8,81,1,10,3,0.1,0.8,8.1
734,28443,2026-09-24,2026-08-19,India,iOS,3,12,6,3,252,1,21,3,0.14285714285714285,0.14285714285714285,12.0
735,28446,2026-09-24,2026-08-19,Rest,iOS,3,5,2,7,96,1,10,3,0.3,0.7,9.6
736,28451,2026-09-24,2026-08-19,US,Android,5,6,6,7,151,1,17,3,0.29411764705882354,0.4117647058823529,8.882352941176471
737,28453,2026-09-24,2026-08-19,US,Web,6,6,6,5,164,0,18,3,0.3333333333333333,0.2777777777777778,9.11111111111111
738,28455,2026-09-24,2026-08-19,EU,iOS,3,2,0,0,55,0,5,2,0.6,0.0,11.0
739,28456,2026-09-24,2026-08-19,US,Android,0,1,0,0,15,0,1,1,0.0,0.0,15.0
740,28458,2026-09-24,2026-08-19,US,iOS,1,0,1,1,7,0,2,2,0.5,0.5,3.5
741,28459,2026-09-24,2026-08-19,US,iOS,12,3,2,9,246,0,17,3,0.7058823529411765,0.5294117647058824,14.470588235294118
742,28462,2026-09-24,2026-08-19,India,iOS,0,0,2,0,16,0,2,1,0.0,0.0,8.0
743,28463,2026-09-24,2026-08-19,US,Web,7,4,6,3,194,1,17,3,0.4117647058823529,0.17647058823529413,11.411764705882353
744,28464,2026-09-24,2026-08-19,US,iOS,13,5,8,5,231,1,26,3,0.5,0.19230769230769232,8.884615384615385
745,28466,2026-09-24,2026-08-19,US,Web,4,0,6,8,88,1,10,2,0.4,0.8,8.8
746,28467,2026-09-24,2026-08-19,US,Web,6,0,2,1,59,1,8,2,0.75,0.125,7.375
747,28468,2026-09-24,2026-08-19,US,Android,8,5,0,5,162,1,13,2,0.6153846153846154,0.38461538461538464,12.461538461538462
748,28471,2026-09-24,2026-08-19,US,iOS,2,2,4,4,99,1,8,3,0.25,0.5,12.375
749,28474,2026-09-24,2026-08-19,US,iOS,0,0,2,1,21,0,2,1,0.0,0.5,10.5
750,28475,2026-09-24,2026-08-19,US,iOS,3,4,2,1,145,1,9,3,0.3333333333333333,0.1111111111111111,16.11111111111111
751,28477,2026-09-24,2026-08-19,Rest,iOS,3,2,2,2,69,1,7,3,0.42857142857142855,0.2857142857142857,9.857142857142858
752,28478,2026-09-24,2026-08-19,EU,Android,5,1,3,2,160,1,9,3,0.5555555555555556,0.2222222222222222,17.77777777777778
753,28479,2026-09-24,2026-08-19,Rest,iOS,2,3,7,1,118,1,12,3,0.16666666666666666,0.08333333333333333,9.833333333333334
754,28481,2026-09-24,2026-08-19,US,Android,4,1,3,5,59,1,8,3,0.5,0.625,7.375
755,28484,2026-09-24,2026-08-19,Rest,iOS,7,0,1,1,122,0,8,2,0.875,0.125,15.25
756,28485,2026-09-24,2026-08-19,Rest,iOS,29,1,1,12,277,0,31,3,0.9354838709677419,0.3870967741935484,8.935483870967742
757,28486,2026-09-24,2026-08-19,US,iOS,25,2,2,9,348,1,29,3,0.8620689655172413,0.3103448275862069,12.0
758,28488,2026-09-24,2026-08-19,US,Android,4,2,1,2,135,1,7,3,0.5714285714285714,0.2857142857142857,19.285714285714285
759,28490,2026-09-24,2026-08-19,US,iOS,6,6,3,12,139,1,15,3,0.4,0.8,9.266666666666667
760,28492,2026-09-24,2026-08-19,US,iOS,5,7,4,5,101,1,16,3,0.3125,0.3125,6.3125
761,28495,2026-09-24,2026-08-20,US,iOS,0,1,1,2,12,0,2,2,0.0,1.0,6.0
762,28496,2026-09-24,2026-08-20,US,Web,1,2,1,0,75,1,4,3,0.25,0.0,18.75
763,28498,2026-09-24,2026-08-20,EU,Android,1,0,3,0,20,0,4,2,0.25,0.0,5.0
764,28499,2026-09-24,2026-08-20,EU,Web,3,1,3,3,67,1,7,3,0.42857142857142855,0.42857142857142855,9.571428571428571
765,28505,2026-09-24,2026-08-20,EU,Android,3,1,2,1,129,0,6,3,0.5,0.16666666666666666,21.5
766,28506,2026-09-24,2026-08-20,US,Android,3,3,2,3,150,1,8,3,0.375,0.375,18.75
767,28508,2026-09-24,2026-08-20,EU,Web,0,1,2,1,18,0,3,2,0.0,0.3333333333333333,6.0
768,28511,2026-09-24,2026-08-20,India,iOS,13,2,2,8,140,0,17,3,0.7647058823529411,0.47058823529411764,8.235294117647058
769,28512,2026-09-24,2026-08-20,US,Android,0,0,0,0,0,0,0,0,0.0,0.0,0.0
770,28517,2026-09-24,2026-08-20,EU,Android,1,0,1,0,43,1,2,2,0.5,0.0,21.5
771,28518,2026-09-24,2026-08-20,India,iOS,0,0,0,0,0,0,0,0,0.0,0.0,0.0
772,28521,2026-09-24,2026-08-20,India,iOS,10,4,6,4,175,1,20,3,0.5,0.2,8.75
773,28524,2026-09-24,2026-08-20,EU,Web,8,9,10,12,387,1,27,3,0.2962962962962963,0.4444444444444444,14.333333333333334
774,28527,2026-09-24,2026-08-20,US,iOS,2,0,0,1,18,1,2,1,1.0,0.5,9.0
775,28529,2026-09-24,2026-08-20,US,Web,4,3,2,2,95,1,9,3,0.4444444444444444,0.2222222222222222,10.555555555555555
776,28531,2026-09-24,2026-08-20,US,Android,2,3,8,1,133,0,13,3,0.15384615384615385,0.07692307692307693,10.23076923076923
777,28533,2026-09-24,2026-08-20,US,iOS,2,1,2,1,71,0,5,3,0.4,0.2,14.2
778,28535,2026-09-24,2026-08-20,EU,Android,1,3,2,3,71,0,6,3,0.16666666666666666,0.5,11.833333333333334
779,28536,2026-09-24,2026-08-20,Rest,iOS,18,0,3,4,249,0,21,2,0.8571428571428571,0.19047619047619047,11.857142857142858
780,28541,2026-09-24,2026-08-20,India,Web,1,0,0,0,10,0,1,1,1.0,0.0,10.0
781,28543,2026-09-24,2026-08-20,EU,iOS,5,2,1,1,54,0,8,3,0.625,0.125,6.75
782,28548,2026-09-24,2026-08-20,EU,Android,4,4,7,3,123,1,15,3,0.26666666666666666,0.2,8.2
783,28549,2026-09-24,2026-08-20,EU,Android,0,0,0,0,0,0,0,0,0.0,0.0,0.0
784,28551,2026-09-24,2026-08-20,Rest,Android,11,4,0,2,141,1,15,2,0.7333333333333333,0.13333333333333333,9.4
785,28552,2026-09-24,2026-08-20,US,Android,4,7,3,5,123,1,14,3,0.2857142857142857,0.35714285714285715,8.785714285714286
786,28553,2026-09-24,2026-08-20,EU,iOS,3,4,5,3,131,1,12,3,0.25,0.25,10.916666666666666
787,28558,2026-09-24,2026-08-21,Rest,Android,2,0,0,0,23,0,2,1,1.0,0.0,11.5
788,28559,2026-09-24,2026-08-21,India,Web,4,3,8,6,135,1,15,3,0.26666666666666666,0.4,9.0
789,28563,2026-09-24,2026-08-21,Rest,iOS,1,2,2,3,32,1,5,3,0.2,0.6,6.4
790,28564,2026-09-24,2026-08-21,US,Android,9,1,1,3,110,0,11,3,0.8181818181818182,0.2727272727272727,10.0
791,28565,2026-09-24,2026-08-21,US,Android,0,1,1,2,12,0,2,2,0.0,1.0,6.0
792,28566,2026-09-24,2026-08-21,US,Web,3,3,4,4,104,1,10,3,0.3,0.4,10.4
793,28567,2026-09-24,2026-08-21,India,Web,5,0,0,3,73,1,5,1,1.0,0.6,14.6
794,28570,2026-09-24,2026-08-21,US,Web,2,6,8,3,196,1,16,3,0.125,0.1875,12.25
795,28572,2026-09-24,2026-08-21,US,Web,2,1,2,1,70,0,5,3,0.4,0.2,14.0
796,28573,2026-09-24,2026-08-21,Rest,Web,1,2,1,0,29,0,4,3,0.25,0.0,7.25
797,28574,2026-09-24,2026-08-21,India,Android,9,8,9,5,214,1,26,3,0.34615384615384615,0.19230769230769232,8.23076923076923
798,28576,2026-09-24,2026-08-21,Rest,Web,0,4,4,0,97,1,8,2,0.0,0.0,12.125
799,28579,2026-09-24,2026-08-21,Rest,iOS,0,0,0,0,0,0,0,0,0.0,0.0,0.0
800,28580,2026-09-24,2026-08-21,Rest,Web,4,2,0,1,69,0,6,2,0.6666666666666666,0.16666666666666666,11.5
801,28582,2026-09-24,2026-08-21,India,Web,1,0,2,1,33,1,3,2,0.3333333333333333,0.3333333333333333,11.0
802,28586,2026-09-24,2026-08-21,US,Web,4,2,3,5,58,1,9,3,0.4444444444444444,0.5555555555555556,6.444444444444445
803,28591,2026-09-24,2026-08-21,India,Web,15,1,0,4,210,0,16,2,0.9375,0.25,13.125
804,28592,2026-09-24,2026-08-21,Rest,iOS,4,0,0,2,19,0,4,1,1.0,0.5,4.75
805,28595,2026-09-24,2026-08-21,US,iOS,0,1,0,1,3,1,1,1,0.0,1.0,3.0
806,28596,2026-09-24,2026-08-21,Rest,Android,2,4,3,3,62,1,9,3,0.2222222222222222,0.3333333333333333,6.888888888888889
807,28599,2026-09-24,2026-08-21,EU,Web,2,0,1,1,82,0,3,2,0.6666666666666666,0.3333333333333333,27.333333333333332
808,28600,2026-09-24,2026-08-21,US,iOS,0,0,0,0,0,0,0,0,0.0,0.0,0.0
809,28602,2026-09-24,2026-08-21,India,Web,2,1,0,0,13,0,3,2,0.6666666666666666,0.0,4.333333333333333
810,28603,2026-09-24,2026-08-21,India,iOS,5,5,4,3,113,1,14,3,0.35714285714285715,0.21428571428571427,8.071428571428571
811,28605,2026-09-24,2026-08-21,US,iOS,5,4,1,4,96,1,10,3,0.5,0.4,9.6
812,28607,2026-09-24,2026-08-21,Rest,Android,6,0,0,2,50,0,6,1,1.0,0.3333333333333333,8.333333333333334
813,28610,2026-09-24,2026-08-21,US,Android,13,2,2,5,138,0,17,3,0.7647058823529411,0.29411764705882354,8.117647058823529
814,28613,2026-09-24,2026-08-21,India,Web,2,5,4,2,128,1,11,3,0.18181818181818182,0.18181818181818182,11.636363636363637
815,28615,2026-09-24,2026-08-21,US,iOS,14,1,0,6,118,0,15,2,0.9333333333333333,0.4,7.866666666666666
816,28618,2026-09-24,2026-08-21,US,Web,18,16,16,5,629,0,50,3,0.36,0.1,12.58
817,28619,2026-09-24,2026-08-21,Rest,Android,3,4,1,2,112,0,8,3,0.375,0.25,14.0
818,28623,2026-09-24,2026-08-21,US,Android,5,3,2,3,93,1,10,3,0.5,0.3,9.3
819,28624,2026-09-24,2026-08-21,EU,Android,2,0,0,1,32,0,2,1,1.0,0.5,16.0
820,28625,2026-09-24,2026-08-21,US,Web,0,2,0,1,29,0,2,1,0.0,0.5,14.5
821,28627,2026-09-24,2026-08-21,US,iOS,2,3,0,1,85,1,5,2,0.4,0.2,17.0
822,28630,2026-09-24,2026-08-21,US,Android,4,5,23,7,376,1,32,3,0.125,0.21875,11.75
823,28634,2026-09-24,2026-08-21,US,Android,7,3,5,3,108,1,15,3,0.4666666666666667,0.2,7.2
824,28636,2026-09-24,2026-08-22,India,Web,1,8,9,1,165,0,18,3,0.05555555555555555,0.05555555555555555,9.166666666666666
825,28638,2026-09-24,2026-08-22,US,iOS,20,1,2,3,175,0,23,3,0.8695652173913043,0.13043478260869565,7.608695652173913
826,28639,2026-09-24,2026-08-22,US,iOS,20,2,1,4,290,0,23,3,0.8695652173913043,0.17391304347826086,12.608695652173912
827,28640,2026-09-24,2026-08-22,Rest,iOS,5,0,3,0,97,1,8,2,0.625,0.0,12.125
828,28643,2026-09-24,2026-08-22,Rest,Web,8,0,0,0,78,0,8,1,1.0,0.0,9.75
829,28644,2026-09-24,2026-08-22,US,iOS,0,0,0,0,0,0,0,0,0.0,0.0,0.0
830,28647,2026-09-24,2026-08-22,EU,Web,3,5,2,4,112,1,10,3,0.3,0.4,11.2
831,28648,2026-09-24,2026-08-22,US,Web,1,5,5,5,88,1,11,3,0.09090909090909091,0.45454545454545453,8.0
832,28649,2026-09-24,2026-08-22,EU,Android,6,0,1,4,30,0,7,2,0.8571428571428571,0.5714285714285714,4.285714285714286
833,28650,2026-09-24,2026-08-22,US,Android,0,1,0,1,11,0,1,1,0.0,1.0,11.0
834,28653,2026-09-24,2026-08-22,US,Android,5,0,0,2,25,1,5,1,1.0,0.4,5.0
835,28654,2026-09-24,2026-08-22,US,Web,5,0,0,4,31,0,5,1,1.0,0.8,6.2
836,28656,2026-09-24,2026-08-22,EU,Android,37,3,1,14,339,0,41,3,0.9024390243902439,0.34146341463414637,8.268292682926829
837,28658,2026-09-24,2026-08-22,US,iOS,37,4,1,18,555,0,42,3,0.8809523809523809,0.42857142857142855,13.214285714285714
838,28659,2026-09-24,2026-08-22,EU,iOS,8,1,0,1,115,0,9,2,0.8888888888888888,0.1111111111111111,12.777777777777779
839,28661,2026-09-24,2026-08-22,US,iOS,18,8,9,21,311,1,35,3,0.5142857142857142,0.6,8.885714285714286
840,28664,2026-09-24,2026-08-22,US,Web,0,2,3,1,64,1,5,2,0.0,0.2,12.8
841,28671,2026-09-24,2026-08-22,EU,Android,1,0,1,1,13,0,2,2,0.5,0.5,6.5
842,28673,2026-09-24,2026-08-22,US,Android,9,6,2,5,215,1,17,3,0.5294117647058824,0.29411764705882354,12.647058823529411
843,28675,2026-09-24,2026-08-22,India,iOS,4,2,3,6,64,1,9,3,0.4444444444444444,0.6666666666666666,7.111111111111111
844,28677,2026-09-24,2026-08-22,US,iOS,7,0,1,4,137,0,8,2,0.875,0.5,17.125
845,28678,2026-09-24,2026-08-22,India,Android,5,3,2,8,122,1,10,3,0.5,0.8,12.2
846,28688,2026-09-24,2026-08-22,India,Android,4,6,4,2,126,1,14,3,0.2857142857142857,0.14285714285714285,9.0
847,28689,2026-09-24,2026-08-22,India,Web,2,1,0,1,21,0,3,2,0.6666666666666666,0.3333333333333333,7.0
848,28691,2026-09-24,2026-08-22,India,Web,1,2,0,0,3,0,3,2,0.3333333333333333,0.0,1.0
849,28693,2026-09-24,2026-08-22,India,Android,1,4,3,2,45,1,8,3,0.125,0.25,5.625
850,28696,2026-09-24,2026-08-22,India,iOS,2,2,2,2,46,0,6,3,0.3333333333333333,0.3333333333333333,7.666666666666667
851,28699,2026-09-24,2026-08-22,US,iOS,11,0,1,2,71,1,12,2,0.9166666666666666,0.16666666666666666,5.916666666666667
852,28702,2026-09-24,2026-08-22,US,Web,3,2,1,6,63,1,6,3,0.5,1.0,10.5
853,28703,2026-09-24,2026-08-22,EU,iOS,6,0,3,2,148,0,9,2,0.6666666666666666,0.2222222222222222,16.444444444444443
854,28706,2026-09-24,2026-08-22,Rest,Android,0,3,1,1,33,1,4,2,0.0,0.25,8.25
855,28708,2026-09-24,2026-08-23,India,iOS,0,1,0,1,15,0,1,1,0.0,1.0,15.0
856,28709,2026-09-24,2026-08-23,EU,Web,1,2,3,0,58,0,6,3,0.16666666666666666,0.0,9.666666666666666
857,28716,2026-09-24,2026-08-23,EU,Web,10,7,3,6,193,0,20,3,0.5,0.3,9.65
858,28718,2026-09-24,2026-08-23,Rest,Android,4,2,1,1,79,1,7,3,0.5714285714285714,0.14285714285714285,11.285714285714286
859,28719,2026-09-24,2026-08-23,India,iOS,3,3,5,9,88,1,11,3,0.2727272727272727,0.8181818181818182,8.0
860,28721,2026-09-24,2026-08-23,EU,Web,8,6,4,13,122,0,18,3,0.4444444444444444,0.7222222222222222,6.777777777777778
861,28722,2026-09-24,2026-08-23,India,Web,4,5,5,1,160,1,14,3,0.2857142857142857,0.07142857142857142,11.428571428571429
862,28723,2026-09-24,2026-08-23,EU,Android,9,16,13,12,356,1,38,3,0.23684210526315788,0.3157894736842105,9.368421052631579
863,28725,2026-09-24,2026-08-23,Rest,Android,1,0,0,1,5,0,1,1,1.0,1.0,5.0
864,28729,2026-09-24,2026-08-23,US,Android,0,5,4,2,78,0,9,2,0.0,0.2222222222222222,8.666666666666666
865,28730,2026-09-24,2026-08-23,Rest,iOS,4,0,0,1,29,0,4,1,1.0,0.25,7.25
866,28731,2026-09-24,2026-08-23,US,Android,2,0,4,2,107,1,6,2,0.3333333333333333,0.3333333333333333,17.833333333333332
867,28734,2026-09-24,2026-08-23,US,Android,2,7,1,7,86,1,10,3,0.2,0.7,8.6
868,28738,2026-09-24,2026-08-23,Rest,iOS,15,1,2,8,239,1,18,3,0.8333333333333334,0.4444444444444444,13.277777777777779
869,28739,2026-09-24,2026-08-23,Rest,Web,3,6,9,4,213,1,18,3,0.16666666666666666,0.2222222222222222,11.833333333333334
870,28743,2026-09-24,2026-08-23,Rest,iOS,6,1,7,9,165,1,14,3,0.42857142857142855,0.6428571428571429,11.785714285714286
871,28745,2026-09-24,2026-08-23,India,Web,2,1,2,2,59,1,5,3,0.4,0.4,11.8
872,28749,2026-09-24,2026-08-23,US,iOS,2,0,2,2,61,1,4,2,0.5,0.5,15.25
873,28750,2026-09-24,2026-08-23,US,Android,5,0,1,3,58,0,6,2,0.8333333333333334,0.5,9.666666666666666
874,28752,2026-09-24,2026-08-23,US,iOS,16,1,1,5,209,0,18,3,0.8888888888888888,0.2777777777777778,11.61111111111111
875,28753,2026-09-24,2026-08-23,US,iOS,1,1,1,2,43,0,3,3,0.3333333333333333,0.6666666666666666,14.333333333333334
876,28758,2026-09-24,2026-08-23,US,Web,3,3,2,4,87,1,8,3,0.375,0.5,10.875
877,28759,2026-09-24,2026-08-23,India,Web,21,2,1,15,213,0,24,3,0.875,0.625,8.875
878,28761,2026-09-24,2026-08-23,US,Android,0,2,0,1,7,0,2,1,0.0,0.5,3.5
879,28762,2026-09-24,2026-08-23,EU,iOS,7,10,8,4,277,1,25,3,0.28,0.16,11.08
880,28763,2026-09-24,2026-08-23,US,Web,6,1,1,2,93,1,8,3,0.75,0.25,11.625
881,28765,2026-09-24,2026-08-23,US,iOS,4,1,0,4,75,0,5,2,0.8,0.8,15.0
882,28766,2026-09-24,2026-08-23,EU,iOS,2,0,0,1,14,0,2,1,1.0,0.5,7.0
883,28767,2026-09-24,2026-08-23,US,iOS,2,0,0,2,6,1,2,1,1.0,1.0,3.0
884,28768,2026-09-24,2026-08-23,EU,Web,3,4,8,5,207,1,15,3,0.2,0.3333333333333333,13.8
885,28770,2026-09-24,2026-08-23,EU,iOS,0,3,1,2,46,0,4,2,0.0,0.5,11.5
886,28772,2026-09-24,2026-08-24,US,Web,2,6,3,2,57,1,11,3,0.18181818181818182,0.18181818181818182,5.181818181818182
887,28776,2026-09-24,2026-08-24,EU,Web,2,2,0,0,26,1,4,2,0.5,0.0,6.5
888,28778,2026-09-24,2026-08-24,India,iOS,6,4,2,10,105,1,12,3,0.5,0.8333333333333334,8.75
889,28779,2026-09-24,2026-08-24,Rest,Web,3,4,4,1,102,1,11,3,0.2727272727272727,0.09090909090909091,9.272727272727273
890,28780,2026-09-24,2026-08-24,EU,Web,5,5,8,7,199,1,18,3,0.2777777777777778,0.3888888888888889,11.055555555555555
891,28781,2026-09-24,2026-08-24,EU,Web,3,1,0,2,42,1,4,2,0.75,0.5,10.5
892,28784,2026-09-24,2026-08-24,US,Android,4,6,6,3,149,1,16,3,0.25,0.1875,9.3125
893,28787,2026-09-24,2026-08-24,India,iOS,4,4,3,2,90,1,11,3,0.36363636363636365,0.18181818181818182,8.181818181818182
894,28788,2026-09-24,2026-08-24,EU,Web,4,8,2,9,126,1,14,3,0.2857142857142857,0.6428571428571429,9.0
895,28792,2026-09-24,2026-08-24,US,iOS,6,0,2,5,76,1,8,2,0.75,0.625,9.5
896,28793,2026-09-24,2026-08-24,EU,Web,2,1,0,0,36,0,3,2,0.6666666666666666,0.0,12.0
897,28795,2026-09-24,2026-08-24,US,iOS,1,0,3,1,49,0,4,2,0.25,0.25,12.25
898,28796,2026-09-24,2026-08-24,India,Web,6,1,4,4,126,1,11,3,0.5454545454545454,0.36363636363636365,11.454545454545455
899,28797,2026-09-24,2026-08-24,US,iOS,6,4,8,6,270,1,18,3,0.3333333333333333,0.3333333333333333,15.0
900,28804,2026-09-24,2026-08-24,EU,Android,4,1,2,2,47,1,7,3,0.5714285714285714,0.2857142857142857,6.714285714285714
901,28808,2026-09-24,2026-08-24,India,iOS,6,8,8,13,200,1,22,3,0.2727272727272727,0.5909090909090909,9.090909090909092
902,28810,2026-09-24,2026-08-24,Rest,Web,0,2,0,0,53,0,2,1,0.0,0.0,26.5
903,28814,2026-09-24,2026-08-24,US,iOS,4,2,6,7,154,1,12,3,0.3333333333333333,0.5833333333333334,12.833333333333334
904,28816,2026-09-24,2026-08-24,India,Web,7,0,1,3,74,0,8,2,0.875,0.375,9.25
905,28818,2026-09-24,2026-08-24,EU,Web,1,1,0,1,39,0,2,2,0.5,0.5,19.5
906,28822,2026-09-24,2026-08-24,US,iOS,1,7,2,8,100,1,10,3,0.1,0.8,10.0
907,28826,2026-09-24,2026-08-24,US,iOS,3,1,0,2,44,1,4,2,0.75,0.5,11.0
908,28827,2026-09-24,2026-08-24,US,Android,15,0,2,6,130,0,17,2,0.8823529411764706,0.35294117647058826,7.647058823529412
909,28828,2026-09-24,2026-08-24,US,Web,5,2,0,3,127,0,7,2,0.7142857142857143,0.42857142857142855,18.142857142857142
910,28829,2026-09-24,2026-08-24,India,iOS,1,3,0,4,24,0,4,2,0.25,1.0,6.0
911,28830,2026-09-24,2026-08-24,Rest,iOS,5,7,1,9,96,1,13,3,0.38461538461538464,0.6923076923076923,7.384615384615385
912,28831,2026-09-24,2026-08-24,US,Android,1,0,0,0,2,0,1,1,1.0,0.0,2.0
913,28833,2026-09-24,2026-08-24,India,iOS,3,3,4,1,136,0,10,3,0.3,0.1,13.6
914,28836,2026-09-24,2026-08-24,US,Android,4,0,1,1,71,0,5,2,0.8,0.2,14.2
915,28838,2026-09-24,2026-08-24,US,Android,6,0,0,1,37,0,6,1,1.0,0.16666666666666666,6.166666666666667
916,28839,2026-09-24,2026-08-24,Rest,iOS,16,1,3,3,154,1,20,3,0.8,0.15,7.7
917,28841,2026-09-24,2026-08-24,US,Web,2,0,3,1,16,0,5,2,0.4,0.2,3.2
918,28842,2026-09-24,2026-08-24,Rest,Web,14,2,0,3,148,0,16,2,0.875,0.1875,9.25
919,28843,2026-09-24,2026-08-24,US,iOS,3,1,6,6,108,1,10,3,0.3,0.6,10.8
920,28844,2026-09-24,2026-08-24,EU,Android,6,0,0,2,55,1,6,1,1.0,0.3333333333333333,9.166666666666666
921,28845,2026-09-24,2026-08-24,EU,Android,0,2,2,0,75,0,4,2,0.0,0.0,18.75
922,28847,2026-09-24,2026-08-24,EU,Android,0,5,1,1,61,0,6,2,0.0,0.16666666666666666,10.166666666666666
923,28849,2026-09-24,2026-08-24,EU,Web,6,5,10,6,199,1,21,3,0.2857142857142857,0.2857142857142857,9.476190476190476
924,28850,2026-09-24,2026-08-24,India,Android,3,3,0,3,39,0,6,2,0.5,0.5,6.5
925,28852,2026-09-24,2026-08-24,US,Android,12,0,2,9,139,0,14,2,0.8571428571428571,0.6428571428571429,9.928571428571429
926,28859,2026-09-24,2026-08-25,India,iOS,9,8,4,7,161,1,21,3,0.42857142857142855,0.3333333333333333,7.666666666666667
927,28860,2026-09-24,2026-08-25,Rest,iOS,6,4,0,1,97,1,10,2,0.6,0.1,9.7
928,28861,2026-09-24,2026-08-25,US,iOS,13,11,4,11,278,1,28,3,0.4642857142857143,0.39285714285714285,9.928571428571429
929,28862,2026-09-24,2026-08-25,India,Web,4,4,5,5,140,0,13,3,0.3076923076923077,0.38461538461538464,10.76923076923077
930,28865,2026-09-24,2026-08-25,Rest,iOS,2,2,3,4,87,1,7,3,0.2857142857142857,0.5714285714285714,12.428571428571429
931,28868,2026-09-24,2026-08-25,India,iOS,2,0,1,3,42,0,3,2,0.6666666666666666,1.0,14.0
932,28869,2026-09-24,2026-08-25,EU,iOS,9,0,0,3,103,1,9,1,1.0,0.3333333333333333,11.444444444444445
933,28871,2026-09-24,2026-08-25,EU,Android,6,5,8,12,215,1,19,3,0.3157894736842105,0.631578947368421,11.31578947368421
934,28875,2026-09-24,2026-08-25,US,Android,2,1,4,2,65,0,7,3,0.2857142857142857,0.2857142857142857,9.285714285714286
935,28878,2026-09-24,2026-08-25,India,Android,0,0,0,0,0,0,0,0,0.0,0.0,0.0
936,28879,2026-09-24,2026-08-25,US,Web,1,0,0,0,2,0,1,1,1.0,0.0,2.0
937,28880,2026-09-24,2026-08-25,US,iOS,0,0,0,0,0,0,0,0,0.0,0.0,0.0
938,28883,2026-09-24,2026-08-25,Rest,Android,2,2,0,1,29,1,4,2,0.5,0.25,7.25
939,28884,2026-09-24,2026-08-25,US,Web,1,3,1,2,59,1,5,3,0.2,0.4,11.8
940,28886,2026-09-24,2026-08-25,India,iOS,1,0,0,0,14,0,1,1,1.0,0.0,14.0
941,28887,2026-09-24,2026-08-25,Rest,iOS,6,2,1,6,60,0,9,3,0.6666666666666666,0.6666666666666666,6.666666666666667
942,28889,2026-09-24,2026-08-25,India,iOS,9,6,5,11,203,1,20,3,0.45,0.55,10.15
943,28891,2026-09-24,2026-08-25,US,Android,3,1,1,2,29,0,5,3,0.6,0.4,5.8
944,28899,2026-09-24,2026-08-25,US,Android,8,6,6,3,212,1,20,3,0.4,0.15,10.6
945,28900,2026-09-24,2026-08-25,EU,Web,1,0,2,3,36,1,3,2,0.3333333333333333,1.0,12.0
946,28901,2026-09-24,2026-08-25,India,Android,1,0,0,0,23,0,1,1,1.0,0.0,23.0
947,28903,2026-09-24,2026-08-25,Rest,Web,0,1,1,0,8,0,2,2,0.0,0.0,4.0
948,28906,2026-09-24,2026-08-25,Rest,iOS,2,4,3,7,114,1,9,3,0.2222222222222222,0.7777777777777778,12.666666666666666
949,28907,2026-09-24,2026-08-25,US,Android,7,0,0,2,80,0,7,1,1.0,0.2857142857142857,11.428571428571429
950,28909,2026-09-24,2026-08-25,US,iOS,2,1,5,2,112,1,8,3,0.25,0.25,14.0
951,28910,2026-09-24,2026-08-25,India,Web,2,4,4,5,101,0,10,3,0.2,0.5,10.1
952,28911,2026-09-24,2026-08-25,US,iOS,1,1,4,6,31,1,6,3,0.16666666666666666,1.0,5.166666666666667
953,28913,2026-09-24,2026-08-25,EU,Android,6,4,5,5,177,1,15,3,0.4,0.3333333333333333,11.8
954,28916,2026-09-24,2026-08-25,US,Web,8,4,4,3,134,0,16,3,0.5,0.1875,8.375
955,28918,2026-09-24,2026-08-25,US,iOS,3,5,5,4,153,1,13,3,0.23076923076923078,0.3076923076923077,11.76923076923077
956,28919,2026-09-24,2026-08-25,US,Web,0,0,0,0,0,0,0,0,0.0,0.0,0.0
957,28920,2026-09-24,2026-08-25,US,iOS,0,0,2,2,19,1,2,1,0.0,1.0,9.5
958,28922,2026-09-24,2026-08-25,US,iOS,12,3,1,12,242,1,16,3,0.75,0.75,15.125
959,28923,2026-09-24,2026-08-25,US,Web,4,2,6,6,75,0,12,3,0.3333333333333333,0.5,6.25
960,28926,2026-09-24,2026-08-26,US,Android,2,1,4,1,77,1,7,3,0.2857142857142857,0.14285714285714285,11.0
961,28927,2026-09-24,2026-08-26,US,iOS,1,1,1,2,79,0,3,3,0.3333333333333333,0.6666666666666666,26.333333333333332
962,28930,2026-09-24,2026-08-26,US,Android,1,0,4,4,65,0,5,2,0.2,0.8,13.0
963,28931,2026-09-24,2026-08-26,US,iOS,2,1,1,0,37,0,4,3,0.5,0.0,9.25
964,28932,2026-09-24,2026-08-26,Rest,Android,17,2,2,9,202,0,21,3,0.8095238095238095,0.42857142857142855,9.619047619047619
965,28933,2026-09-24,2026-08-26,US,Web,5,6,7,3,146,1,18,3,0.2777777777777778,0.16666666666666666,8.11111111111111
966,28934,2026-09-24,2026-08-26,Rest,iOS,25,3,2,15,300,0,30,3,0.8333333333333334,0.5,10.0
967,28935,2026-09-24,2026-08-26,Rest,Web,9,8,1,10,154,0,18,3,0.5,0.5555555555555556,8.555555555555555
968,28936,2026-09-24,2026-08-26,US,Android,13,15,11,14,455,1,39,3,0.3333333333333333,0.358974358974359,11.666666666666666
969,28937,2026-09-24,2026-08-26,US,iOS,3,8,4,6,140,1,15,3,0.2,0.4,9.333333333333334
970,28939,2026-09-24,2026-08-26,India,Android,5,1,4,9,98,1,10,3,0.5,0.9,9.8
971,28942,2026-09-24,2026-08-26,US,Android,7,6,7,13,232,1,20,3,0.35,0.65,11.6
972,28943,2026-09-24,2026-08-26,EU,Android,1,0,1,1,5,0,2,2,0.5,0.5,2.5
973,28946,2026-09-24,2026-08-26,Rest,Android,8,1,0,3,61,0,9,2,0.8888888888888888,0.3333333333333333,6.777777777777778
974,28947,2026-09-24,2026-08-26,US,iOS,4,3,7,6,91,1,14,3,0.2857142857142857,0.42857142857142855,6.5
975,28949,2026-09-24,2026-08-26,Rest,iOS,1,3,1,0,61,0,5,3,0.2,0.0,12.2
976,28950,2026-09-24,2026-08-26,India,iOS,9,0,1,3,98,1,10,2,0.9,0.3,9.8
977,28951,2026-09-24,2026-08-26,EU,Web,0,2,1,3,26,1,3,2,0.0,1.0,8.666666666666666
978,28954,2026-09-24,2026-08-26,US,Web,4,3,7,2,99,1,14,3,0.2857142857142857,0.14285714285714285,7.071428571428571
979,28956,2026-09-24,2026-08-26,India,Android,19,1,1,11,153,0,21,3,0.9047619047619048,0.5238095238095238,7.285714285714286
980,28961,2026-09-24,2026-08-26,Rest,Web,10,0,1,1,119,0,11,2,0.9090909090909091,0.09090909090909091,10.818181818181818
981,28963,2026-09-24,2026-08-26,US,iOS,4,6,7,4,135,1,17,3,0.23529411764705882,0.23529411764705882,7.9411764705882355
982,28966,2026-09-24,2026-08-26,EU,iOS,6,4,5,5,204,0,15,3,0.4,0.3333333333333333,13.6
983,28969,2026-09-24,2026-08-26,US,Android,4,4,4,2,83,1,12,3,0.3333333333333333,0.16666666666666666,6.916666666666667
984,28970,2026-09-24,2026-08-26,US,iOS,6,2,1,1,102,0,9,3,0.6666666666666666,0.1111111111111111,11.333333333333334
985,28971,2026-09-24,2026-08-26,Rest,iOS,0,4,1,1,21,0,5,2,0.0,0.2,4.2
986,28975,2026-09-24,2026-08-26,EU,Web,4,1,5,1,120,1,10,3,0.4,0.1,12.0
987,28976,2026-09-24,2026-08-26,US,iOS,10,1,0,6,92,1,11,2,0.9090909090909091,0.5454545454545454,8.363636363636363
988,28977,2026-09-24,2026-08-26,US,iOS,0,0,1,1,2,0,1,1,0.0,1.0,2.0
989,28979,2026-09-24,2026-08-26,US,iOS,4,7,3,3,123,1,14,3,0.2857142857142857,0.21428571428571427,8.785714285714286
990,28980,2026-09-24,2026-08-26,Rest,Android,4,3,1,5,78,1,8,3,0.5,0.625,9.75
991,28983,2026-09-24,2026-08-26,EU,Android,0,0,3,3,26,0,3,1,0.0,1.0,8.666666666666666
992,28984,2026-09-24,2026-08-26,Rest,Android,5,2,10,4,196,0,17,3,0.29411764705882354,0.23529411764705882,11.529411764705882
993,28987,2026-09-24,2026-08-26,US,Web,8,2,4,8,231,1,14,3,0.5714285714285714,0.5714285714285714,16.5
994,28988,2026-09-24,2026-08-26,Rest,Web,1,0,0,0,9,0,1,1,1.0,0.0,9.0
995,28993,2026-09-24,2026-08-27,US,Android,6,3,2,7,148,1,11,3,0.5454545454545454,0.6363636363636364,13.454545454545455
996,28997,2026-09-24,2026-08-27,EU,iOS,0,0,3,2,50,0,3,1,0.0,0.6666666666666666,16.666666666666668
997,29000,2026-09-24,2026-08-27,India,Web,3,4,3,9,112,1,10,3,0.3,0.9,11.2
998,29001,2026-09-24,2026-08-27,EU,Android,0,0,0,0,0,0,0,0,0.0,0.0,0.0
999,29002,2026-09-24,2026-08-27,EU,Android,2,3,1,2,55,1,6,3,0.3333333333333333,0.3333333333333333,9.166666666666666
1000,29003,2026-09-24,2026-08-27,US,Web,4,3,2,4,77,1,9,3,0.4444444444444444,0.4444444444444444,8.555555555555555
1001,29005,2026-09-24,2026-08-27,US,iOS,1,3,1,1,58,0,5,3,0.2,0.2,11.6
1002,29006,2026-09-24,2026-08-27,EU,iOS,3,2,3,2,32,1,8,3,0.375,0.25,4.0
1003,29007,2026-09-24,2026-08-27,EU,Web,2,0,0,0,8,0,2,1,1.0,0.0,4.0
1004,29009,2026-09-24,2026-08-27,Rest,iOS,1,2,4,3,101,1,7,3,0.14285714285714285,0.42857142857142855,14.428571428571429
1005,29015,2026-09-24,2026-08-27,US,Web,1,0,2,1,48,0,3,2,0.3333333333333333,0.3333333333333333,16.0
1006,29016,2026-09-24,2026-08-27,US,iOS,6,1,0,3,105,1,7,2,0.8571428571428571,0.42857142857142855,15.0
1007,29017,2026-09-24,2026-08-27,India,Android,6,3,2,4,199,1,11,3,0.5454545454545454,0.36363636363636365,18.09090909090909
1008,29019,2026-09-24,2026-08-27,US,iOS,0,0,0,0,0,0,0,0,0.0,0.0,0.0
1009,29020,2026-09-24,2026-08-27,India,iOS,2,0,0,1,7,0,2,1,1.0,0.5,3.5
1010,29021,2026-09-24,2026-08-27,Rest,Android,1,3,6,2,172,1,10,3,0.1,0.2,17.2
1011,29022,2026-09-24,2026-08-27,Rest,Android,1,3,3,0,82,0,7,3,0.14285714285714285,0.0,11.714285714285714
1012,29023,2026-09-24,2026-08-27,EU,Android,2,0,2,2,47,0,4,2,0.5,0.5,11.75
1013,29025,2026-09-24,2026-08-27,US,Android,9,8,5,7,311,1,22,3,0.4090909090909091,0.3181818181818182,14.136363636363637
1014,29026,2026-09-24,2026-08-27,India,iOS,0,0,0,0,0,0,0,0,0.0,0.0,0.0
1015,29031,2026-09-24,2026-08-27,US,Web,2,3,5,1,82,1,10,3,0.2,0.1,8.2
1016,29035,2026-09-24,2026-08-27,EU,Android,5,1,3,5,111,1,9,3,0.5555555555555556,0.5555555555555556,12.333333333333334
1017,29036,2026-09-24,2026-08-27,US,Android,14,1,1,3,213,0,16,3,0.875,0.1875,13.3125
1018,29038,2026-09-24,2026-08-27,US,Android,13,1,1,8,143,1,15,3,0.8666666666666667,0.5333333333333333,9.533333333333333
1019,29039,2026-09-24,2026-08-27,India,Web,1,4,1,0,78,0,6,3,0.16666666666666666,0.0,13.0
1020,29041,2026-09-24,2026-08-27,EU,Web,0,1,2,1,28,0,3,2,0.0,0.3333333333333333,9.333333333333334
1021,29042,2026-09-24,2026-08-27,EU,iOS,2,5,3,3,155,1,10,3,0.2,0.3,15.5
1022,29043,2026-09-24,2026-08-27,India,iOS,1,4,2,6,85,0,7,3,0.14285714285714285,0.8571428571428571,12.142857142857142
1023,29046,2026-09-24,2026-08-27,US,iOS,2,3,1,1,21,1,6,3,0.3333333333333333,0.16666666666666666,3.5
1024,29047,2026-09-24,2026-08-27,US,Web,2,0,1,3,13,0,3,2,0.6666666666666666,1.0,4.333333333333333
1025,29048,2026-09-24,2026-08-27,US,iOS,2,1,5,8,86,1,8,3,0.25,1.0,10.75
1026,29050,2026-09-24,2026-08-27,US,Web,3,3,2,3,76,1,8,3,0.375,0.375,9.5
1027,29055,2026-09-24,2026-08-27,US,Android,1,2,5,5,91,1,8,3,0.125,0.625,11.375
1028,29057,2026-09-24,2026-08-27,EU,Web,7,5,5,4,137,0,17,3,0.4117647058823529,0.23529411764705882,8.058823529411764
1029,29059,2026-09-24,2026-08-27,Rest,Android,6,1,0,2,82,0,7,2,0.8571428571428571,0.2857142857142857,11.714285714285714
1030,29062,2026-09-24,2026-08-27,Rest,iOS,4,4,3,2,150,1,11,3,0.36363636363636365,0.18181818181818182,13.636363636363637
1031,29066,2026-09-24,2026-08-27,EU,Android,0,1,1,1,14,0,2,2,0.0,0.5,7.0
1032,29067,2026-09-24,2026-08-27,US,iOS,2,8,4,5,104,1,14,3,0.14285714285714285,0.35714285714285715,7.428571428571429
1033,29068,2026-09-24,2026-08-27,US,Web,5,6,3,5,178,1,14,3,0.35714285714285715,0.35714285714285715,12.714285714285714
1034,29070,2026-09-24,2026-08-28,US,iOS,1,0,5,6,111,1,6,2,0.16666666666666666,1.0,18.5
1035,29072,2026-09-24,2026-08-28,EU,Web,3,7,4,7,119,1,14,3,0.21428571428571427,0.5,8.5
1036,29074,2026-09-24,2026-08-28,EU,Web,18,1,0,1,179,0,19,2,0.9473684210526315,0.05263157894736842,9.421052631578947
1037,29077,2026-09-24,2026-08-28,India,Android,3,4,4,2,132,1,11,3,0.2727272727272727,0.18181818181818182,12.0
1038,29083,2026-09-24,2026-08-28,US,Web,8,0,2,3,74,0,10,2,0.8,0.3,7.4
1039,29086,2026-09-24,2026-08-28,US,Web,6,7,3,10,175,1,16,3,0.375,0.625,10.9375
1040,29089,2026-09-24,2026-08-28,Rest,Web,5,0,0,2,53,1,5,1,1.0,0.4,10.6
1041,29091,2026-09-24,2026-08-28,US,Android,8,4,2,1,168,1,14,3,0.5714285714285714,0.07142857142857142,12.0
1042,29092,2026-09-24,2026-08-28,US,Android,2,0,0,2,14,0,2,1,1.0,1.0,7.0
1043,29093,2026-09-24,2026-08-28,US,iOS,2,2,1,4,29,1,5,3,0.4,0.8,5.8
1044,29095,2026-09-24,2026-08-28,India,Android,1,3,2,3,41,0,6,3,0.16666666666666666,0.5,6.833333333333333
1045,29098,2026-09-24,2026-08-28,India,Web,1,0,1,0,14,0,2,2,0.5,0.0,7.0
1046,29104,2026-09-24,2026-08-28,EU,iOS,0,3,0,2,44,0,3,1,0.0,0.6666666666666666,14.666666666666666
1047,29106,2026-09-24,2026-08-28,US,Web,3,1,1,1,31,0,5,3,0.6,0.2,6.2
1048,29109,2026-09-24,2026-08-28,Rest,Android,3,1,5,3,109,1,9,3,0.3333333333333333,0.3333333333333333,12.11111111111111
1049,29114,2026-09-24,2026-08-28,India,Web,6,7,5,4,215,0,18,3,0.3333333333333333,0.2222222222222222,11.944444444444445
1050,29115,2026-09-24,2026-08-28,US,iOS,8,6,3,4,225,1,17,3,0.47058823529411764,0.23529411764705882,13.235294117647058
1051,29118,2026-09-24,2026-08-28,Rest,Android,0,2,0,0,31,0,2,1,0.0,0.0,15.5
1052,29121,2026-09-24,2026-08-28,US,Web,2,2,2,1,79,1,6,3,0.3333333333333333,0.16666666666666666,13.166666666666666
1053,29122,2026-09-24,2026-08-28,US,Web,0,2,2,1,69,1,4,2,0.0,0.25,17.25
1054,29123,2026-09-24,2026-08-28,EU,Android,0,2,1,3,37,0,3,2,0.0,1.0,12.333333333333334
1055,29125,2026-09-24,2026-08-28,US,iOS,1,4,2,2,46,1,7,3,0.14285714285714285,0.2857142857142857,6.571428571428571
1056,29127,2026-09-24,2026-08-28,Rest,Android,4,3,3,4,141,1,10,3,0.4,0.4,14.1
1057,29129,2026-09-24,2026-08-28,India,Android,0,3,0,3,28,0,3,1,0.0,1.0,9.333333333333334
1058,29130,2026-09-24,2026-08-28,India,Android,9,8,9,13,257,1,26,3,0.34615384615384615,0.5,9.884615384615385
1059,29132,2026-09-24,2026-08-28,US,Web,5,13,13,3,327,1,31,3,0.16129032258064516,0.0967741935483871,10.548387096774194
1060,29133,2026-09-24,2026-08-28,US,iOS,4,1,6,2,116,1,11,3,0.36363636363636365,0.18181818181818182,10.545454545454545
1061,29135,2026-09-24,2026-08-28,US,iOS,0,3,0,1,37,0,3,1,0.0,0.3333333333333333,12.333333333333334
1062,29136,2026-09-24,2026-08-28,India,Web,8,6,4,5,244,1,18,3,0.4444444444444444,0.2777777777777778,13.555555555555555
1063,29138,2026-09-24,2026-08-28,US,Web,3,8,13,7,299,1,24,3,0.125,0.2916666666666667,12.458333333333334
1064,29140,2026-09-24,2026-08-29,Rest,iOS,3,4,2,3,90,1,9,3,0.3333333333333333,0.3333333333333333,10.0
1065,29141,2026-09-24,2026-08-29,US,iOS,2,4,2,5,65,1,8,3,0.25,0.625,8.125
1066,29145,2026-09-24,2026-08-29,US,Android,1,2,1,0,58,0,4,3,0.25,0.0,14.5
1067,29146,2026-09-24,2026-08-29,Rest,Web,3,3,3,4,85,1,9,3,0.3333333333333333,0.4444444444444444,9.444444444444445
1068,29147,2026-09-24,2026-08-29,US,Android,5,2,3,8,95,1,10,3,0.5,0.8,9.5
1069,29149,2026-09-24,2026-08-29,India,iOS,4,4,2,2,72,1,10,3,0.4,0.2,7.2
1070,29151,2026-09-24,2026-08-29,US,iOS,2,1,4,3,61,1,7,3,0.2857142857142857,0.42857142857142855,8.714285714285714
1071,29153,2026-09-24,2026-08-29,US,Android,3,1,8,2,82,1,12,3,0.25,0.16666666666666666,6.833333333333333
1072,29154,2026-09-24,2026-08-29,US,Web,0,1,3,1,66,0,4,2,0.0,0.25,16.5
1073,29156,2026-09-24,2026-08-29,EU,Android,8,1,0,1,55,0,9,2,0.8888888888888888,0.1111111111111111,6.111111111111111
1074,29157,2026-09-24,2026-08-29,India,Web,3,4,4,8,121,1,11,3,0.2727272727272727,0.7272727272727273,11.0
1075,29158,2026-09-24,2026-08-29,Rest,Web,2,1,6,2,76,1,9,3,0.2222222222222222,0.2222222222222222,8.444444444444445
1076,29159,2026-09-24,2026-08-29,India,iOS,4,2,4,4,55,0,10,3,0.4,0.4,5.5
1077,29160,2026-09-24,2026-08-29,US,iOS,6,8,4,3,160,1,18,3,0.3333333333333333,0.16666666666666666,8.88888888888889
1078,29161,2026-09-24,2026-08-29,US,Web,2,1,0,2,20,0,3,2,0.6666666666666666,0.6666666666666666,6.666666666666667
1079,29162,2026-09-24,2026-08-29,Rest,Android,9,5,9,9,245,1,23,3,0.391304347826087,0.391304347826087,10.652173913043478
1080,29163,2026-09-24,2026-08-29,India,iOS,3,0,0,1,49,0,3,1,1.0,0.3333333333333333,16.333333333333332
1081,29164,2026-09-24,2026-08-29,US,Android,4,4,3,2,65,0,11,3,0.36363636363636365,0.18181818181818182,5.909090909090909
1082,29169,2026-09-24,2026-08-29,India,Web,18,2,2,9,411,1,22,3,0.8181818181818182,0.4090909090909091,18.681818181818183
1083,29170,2026-09-24,2026-08-29,India,Android,6,1,1,4,72,1,8,3,0.75,0.5,9.0
1084,29172,2026-09-24,2026-08-29,EU,iOS,6,5,3,5,130,1,14,3,0.42857142857142855,0.35714285714285715,9.285714285714286
1085,29173,2026-09-24,2026-08-29,US,Android,3,4,10,7,163,1,17,3,0.17647058823529413,0.4117647058823529,9.588235294117647
1086,29174,2026-09-24,2026-08-29,EU,Android,6,2,1,3,108,0,9,3,0.6666666666666666,0.3333333333333333,12.0
1087,29178,2026-09-24,2026-08-29,India,iOS,6,6,7,13,217,0,19,3,0.3157894736842105,0.6842105263157895,11.421052631578947
1088,29180,2026-09-24,2026-08-29,Rest,Web,2,2,5,4,35,1,9,3,0.2222222222222222,0.4444444444444444,3.888888888888889
1089,29182,2026-09-24,2026-08-29,India,Android,4,0,1,1,70,0,5,2,0.8,0.2,14.0
1090,29184,2026-09-24,2026-08-29,US,Android,10,0,1,3,59,0,11,2,0.9090909090909091,0.2727272727272727,5.363636363636363
1091,29186,2026-09-24,2026-08-29,US,iOS,5,1,1,5,111,0,7,3,0.7142857142857143,0.7142857142857143,15.857142857142858
1092,29187,2026-09-24,2026-08-29,US,iOS,1,3,4,2,107,1,8,3,0.125,0.25,13.375
1093,29189,2026-09-24,2026-08-29,India,Android,5,1,1,7,49,0,7,3,0.7142857142857143,1.0,7.0
1094,29191,2026-09-24,2026-08-29,US,iOS,13,0,1,5,143,0,14,2,0.9285714285714286,0.35714285714285715,10.214285714285714
1095,29194,2026-09-24,2026-08-29,Rest,Android,21,1,1,7,239,0,23,3,0.9130434782608695,0.30434782608695654,10.391304347826088
1096,29197,2026-09-24,2026-08-29,Rest,Web,2,2,1,1,21,1,5,3,0.4,0.2,4.2
1097,29200,2026-09-24,2026-08-29,India,Android,4,1,3,1,59,1,8,3,0.5,0.125,7.375
1098,29201,2026-09-24,2026-08-29,US,Web,3,0,1,0,37,0,4,2,0.75,0.0,9.25
1099,29203,2026-09-24,2026-08-29,EU,Android,2,1,0,0,18,0,3,2,0.6666666666666666,0.0,6.0
1100,29211,2026-09-24,2026-08-29,US,Android,0,2,1,0,28,0,3,2,0.0,0.0,9.333333333333334
1101,29213,2026-09-24,2026-08-29,US,Web,2,0,3,2,58,1,5,2,0.4,0.4,11.6
1102,29215,2026-09-24,2026-08-30,Rest,Android,9,12,9,12,321,1,30,3,0.3,0.4,10.7
1103,29217,2026-09-24,2026-08-30,US,Web,5,10,14,4,341,1,29,3,0.1724137931034483,0.13793103448275862,11.758620689655173
1104,29218,2026-09-24,2026-08-30,EU,Web,3,3,5,5,142,1,11,3,0.2727272727272727,0.45454545454545453,12.909090909090908
1105,29219,2026-09-24,2026-08-30,US,iOS,0,3,3,3,90,0,6,2,0.0,0.5,15.0
1106,29220,2026-09-24,2026-08-30,US,iOS,14,3,1,1,240,0,18,3,0.7777777777777778,0.05555555555555555,13.333333333333334
1107,29221,2026-09-24,2026-08-30,US,iOS,2,3,4,4,65,1,9,3,0.2222222222222222,0.4444444444444444,7.222222222222222
1108,29222,2026-09-24,2026-08-30,India,iOS,1,1,0,1,18,0,2,2,0.5,0.5,9.0
1109,29224,2026-09-24,2026-08-30,US,Android,13,2,0,11,111,0,15,2,0.8666666666666667,0.7333333333333333,7.4
1110,29225,2026-09-24,2026-08-30,US,iOS,0,0,1,0,5,0,1,1,0.0,0.0,5.0
1111,29226,2026-09-24,2026-08-30,US,Android,26,1,1,8,370,0,28,3,0.9285714285714286,0.2857142857142857,13.214285714285714
1112,29228,2026-09-24,2026-08-30,US,iOS,3,1,0,1,65,1,4,2,0.75,0.25,16.25
1113,29230,2026-09-24,2026-08-30,US,Android,2,1,1,1,39,0,4,3,0.5,0.25,9.75
1114,29231,2026-09-24,2026-08-30,Rest,Android,2,2,0,0,36,0,4,2,0.5,0.0,9.0
1115,29233,2026-09-24,2026-08-30,US,Web,2,0,3,3,27,0,5,2,0.4,0.6,5.4
1116,29234,2026-09-24,2026-08-30,US,Web,2,3,3,4,99,1,8,3,0.25,0.5,12.375
1117,29235,2026-09-24,2026-08-30,India,iOS,1,3,2,3,61,1,6,3,0.16666666666666666,0.5,10.166666666666666
1118,29240,2026-09-24,2026-08-30,Rest,Android,7,0,1,3,137,0,8,2,0.875,0.375,17.125
1119,29242,2026-09-24,2026-08-30,US,Web,1,0,0,0,1,0,1,1,1.0,0.0,1.0
1120,29249,2026-09-24,2026-08-30,EU,Web,0,3,7,0,77,1,10,2,0.0,0.0,7.7
1121,29250,2026-09-24,2026-08-30,Rest,iOS,9,3,1,7,214,1,13,3,0.6923076923076923,0.5384615384615384,16.46153846153846
1122,29252,2026-09-24,2026-08-30,EU,Web,0,0,1,1,3,0,1,1,0.0,1.0,3.0
1123,29253,2026-09-24,2026-08-30,EU,iOS,4,0,0,0,34,0,4,1,1.0,0.0,8.5
1124,29256,2026-09-24,2026-08-30,India,Web,0,0,0,0,0,0,0,0,0.0,0.0,0.0
1125,29257,2026-09-24,2026-08-30,Rest,Android,3,3,1,3,100,1,7,3,0.42857142857142855,0.42857142857142855,14.285714285714286
1126,29258,2026-09-24,2026-08-30,EU,iOS,3,8,3,1,208,1,14,3,0.21428571428571427,0.07142857142857142,14.857142857142858
1127,29259,2026-09-24,2026-08-30,US,Android,1,0,2,1,21,1,3,2,0.3333333333333333,0.3333333333333333,7.0
1128,29260,2026-09-24,2026-08-30,EU,iOS,2,0,0,1,39,1,2,1,1.0,0.5,19.5
1129,29266,2026-09-24,2026-08-30,US,iOS,6,5,2,5,248,1,13,3,0.46153846153846156,0.38461538461538464,19.076923076923077
1130,29270,2026-09-24,2026-08-30,Rest,Web,4,7,5,2,179,1,16,3,0.25,0.125,11.1875
1131,29271,2026-09-24,2026-08-30,Rest,Android,13,1,3,11,213,1,17,3,0.7647058823529411,0.6470588235294118,12.529411764705882
1132,29272,2026-09-24,2026-08-30,EU,iOS,0,1,2,1,41,0,3,2,0.0,0.3333333333333333,13.666666666666666
1133,29273,2026-09-24,2026-08-30,EU,Web,1,1,3,3,78,0,5,3,0.2,0.6,15.6
1134,29275,2026-09-24,2026-08-30,US,iOS,1,2,1,3,24,0,4,3,0.25,0.75,6.0
1135,29277,2026-09-24,2026-08-30,US,Web,3,2,4,3,81,1,9,3,0.3333333333333333,0.3333333333333333,9.0
1136,29278,2026-09-24,2026-08-30,US,iOS,1,0,0,0,6,0,1,1,1.0,0.0,6.0
1137,29282,2026-09-24,2026-08-30,EU,Android,0,2,0,0,11,0,2,1,0.0,0.0,5.5
1138,29285,2026-09-24,2026-08-30,US,iOS,2,1,2,0,45,0,5,3,0.4,0.0,9.0
1139,29286,2026-09-24,2026-08-30,US,iOS,5,6,2,8,188,1,13,3,0.38461538461538464,0.6153846153846154,14.461538461538462
1140,29288,2026-09-24,2026-08-30,Rest,Web,0,1,2,0,18,0,3,2,0.0,0.0,6.0
1141,29292,2026-09-24,2026-08-31,EU,Web,3,2,4,1,79,1,9,3,0.3333333333333333,0.1111111111111111,8.777777777777779
1142,29294,2026-09-24,2026-08-31,EU,Web,0,0,2,0,2,0,2,1,0.0,0.0,1.0
1143,29297,2026-09-24,2026-08-31,EU,Android,5,4,6,11,127,1,15,3,0.3333333333333333,0.7333333333333333,8.466666666666667
1144,29298,2026-09-24,2026-08-31,US,Android,12,6,4,12,210,1,22,3,0.5454545454545454,0.5454545454545454,9.545454545454545
1145,29302,2026-09-24,2026-08-31,Rest,Web,0,0,1,0,3,0,1,1,0.0,0.0,3.0
1146,29303,2026-09-24,2026-08-31,EU,Android,1,0,1,0,9,0,2,2,0.5,0.0,4.5
1147,29304,2026-09-24,2026-08-31,US,Web,5,0,0,2,100,0,5,1,1.0,0.4,20.0
1148,29305,2026-09-24,2026-08-31,US,Web,4,3,1,3,106,1,8,3,0.5,0.375,13.25
1149,29308,2026-09-24,2026-08-31,India,Web,4,6,4,10,101,1,14,3,0.2857142857142857,0.7142857142857143,7.214285714285714
1150,29311,2026-09-24,2026-08-31,US,Web,5,1,0,3,79,0,6,2,0.8333333333333334,0.5,13.166666666666666
1151,29312,2026-09-24,2026-08-31,US,iOS,6,1,0,4,45,0,7,2,0.8571428571428571,0.5714285714285714,6.428571428571429
1152,29315,2026-09-24,2026-08-31,India,iOS,0,4,2,2,49,1,6,2,0.0,0.3333333333333333,8.166666666666666
1153,29317,2026-09-24,2026-08-31,India,Web,7,8,1,1,188,0,16,3,0.4375,0.0625,11.75
1154,29319,2026-09-24,2026-08-31,India,Android,2,4,4,7,86,1,10,3,0.2,0.7,8.6
1155,29320,2026-09-24,2026-08-31,EU,iOS,3,7,6,7,129,1,16,3,0.1875,0.4375,8.0625
1156,29321,2026-09-24,2026-08-31,EU,iOS,2,0,0,1,5,0,2,1,1.0,0.5,2.5
1157,29323,2026-09-24,2026-08-31,EU,Android,1,0,1,1,11,0,2,2,0.5,0.5,5.5
1158,29326,2026-09-24,2026-08-31,Rest,Android,3,1,2,5,56,0,6,3,0.5,0.8333333333333334,9.333333333333334
1159,29329,2026-09-24,2026-08-31,Rest,Android,1,0,2,0,27,0,3,2,0.3333333333333333,0.0,9.0
1160,29330,2026-09-24,2026-08-31,Rest,Android,0,1,3,3,38,0,4,2,0.0,0.75,9.5
1161,29332,2026-09-24,2026-08-31,EU,iOS,3,1,7,10,130,1,11,3,0.2727272727272727,0.9090909090909091,11.818181818181818
1162,29333,2026-09-24,2026-08-31,Rest,iOS,25,3,1,7,239,1,29,3,0.8620689655172413,0.2413793103448276,8.241379310344827
1163,29334,2026-09-24,2026-08-31,Rest,Web,3,3,1,2,99,1,7,3,0.42857142857142855,0.2857142857142857,14.142857142857142
1164,29335,2026-09-24,2026-08-31,India,Android,0,2,1,2,47,0,3,2,0.0,0.6666666666666666,15.666666666666666
1165,29336,2026-09-24,2026-08-31,India,iOS,4,6,6,3,145,0,16,3,0.25,0.1875,9.0625
1166,29337,2026-09-24,2026-08-31,US,Android,0,3,2,4,34,1,5,2,0.0,0.8,6.8
1167,29341,2026-09-24,2026-08-31,US,Android,2,1,2,2,70,0,5,3,0.4,0.4,14.0
1168,29342,2026-09-24,2026-08-31,US,Android,6,0,1,2,134,0,7,2,0.8571428571428571,0.2857142857142857,19.142857142857142
1169,29343,2026-09-24,2026-08-31,EU,Android,5,6,9,9,149,1,20,3,0.25,0.45,7.45
1170,29344,2026-09-24,2026-08-31,EU,Android,10,1,3,1,180,0,14,3,0.7142857142857143,0.07142857142857142,12.857142857142858
1171,29345,2026-09-24,2026-08-31,US,Android,4,3,5,4,108,1,12,3,0.3333333333333333,0.3333333333333333,9.0
1172,29347,2026-09-24,2026-08-31,US,Android,0,0,0,0,0,0,0,0,0.0,0.0,0.0
1173,29349,2026-09-24,2026-08-31,India,Android,4,3,4,4,57,1,11,3,0.36363636363636365,0.36363636363636365,5.181818181818182
1174,29352,2026-09-24,2026-08-31,US,Android,1,3,2,1,77,1,6,3,0.16666666666666666,0.16666666666666666,12.833333333333334
1175,29353,2026-09-24,2026-08-31,India,Web,5,3,0,5,46,0,8,2,0.625,0.625,5.75
1176,29355,2026-09-24,2026-08-31,US,iOS,0,1,0,0,21,0,1,1,0.0,0.0,21.0
1177,29356,2026-09-24,2026-08-31,US,Android,1,2,5,3,61,1,8,3,0.125,0.375,7.625
1178,29357,2026-09-24,2026-08-31,US,Android,2,0,5,4,48,1,7,2,0.2857142857142857,0.5714285714285714,6.857142857142857
1179,29358,2026-09-24,2026-08-31,India,Web,3,2,4,4,78,1,9,3,0.3333333333333333,0.4444444444444444,8.666666666666666
1180,29360,2026-09-24,2026-08-31,Rest,iOS,1,3,4,5,78,1,8,3,0.125,0.625,9.75
1181,29362,2026-09-24,2026-09-01,India,iOS,6,0,1,3,32,0,7,2,0.8571428571428571,0.42857142857142855,4.571428571428571
1182,29364,2026-09-24,2026-09-01,US,iOS,4,3,6,11,183,1,13,3,0.3076923076923077,0.8461538461538461,14.076923076923077
1183,29365,2026-09-24,2026-09-01,US,Web,1,6,1,5,107,1,8,3,0.125,0.625,13.375
1184,29371,2026-09-24,2026-09-01,US,Android,2,2,0,1,36,0,4,2,0.5,0.25,9.0
1185,29372,2026-09-24,2026-09-01,Rest,iOS,22,1,3,15,287,1,26,3,0.8461538461538461,0.5769230769230769,11.038461538461538
1186,29376,2026-09-24,2026-09-01,EU,Web,15,2,1,1,289,0,18,3,0.8333333333333334,0.05555555555555555,16.055555555555557
1187,29377,2026-09-24,2026-09-01,US,iOS,0,0,1,0,1,0,1,1,0.0,0.0,1.0
1188,29379,2026-09-24,2026-09-01,Rest,iOS,13,1,0,6,146,0,14,2,0.9285714285714286,0.42857142857142855,10.428571428571429
1189,29380,2026-09-24,2026-09-01,US,Web,2,1,0,2,6,0,3,2,0.6666666666666666,0.6666666666666666,2.0
1190,29382,2026-09-24,2026-09-01,US,Web,7,7,6,6,223,1,20,3,0.35,0.3,11.15
1191,29386,2026-09-24,2026-09-01,India,Android,3,4,4,8,126,1,11,3,0.2727272727272727,0.7272727272727273,11.454545454545455
1192,29387,2026-09-24,2026-09-01,Rest,iOS,4,2,2,3,92,1,8,3,0.5,0.375,11.5
1193,29389,2026-09-24,2026-09-01,US,Android,0,1,0,0,9,0,1,1,0.0,0.0,9.0
1194,29391,2026-09-24,2026-09-01,Rest,iOS,17,0,1,7,226,0,18,2,0.9444444444444444,0.3888888888888889,12.555555555555555
1195,29392,2026-09-24,2026-09-01,EU,Web,1,1,2,0,13,0,4,3,0.25,0.0,3.25
1196,29394,2026-09-24,2026-09-01,Rest,iOS,0,0,4,1,16,0,4,1,0.0,0.25,4.0
1197,29395,2026-09-24,2026-09-01,EU,iOS,3,3,3,4,105,1,9,3,0.3333333333333333,0.4444444444444444,11.666666666666666
1198,29396,2026-09-24,2026-09-01,US,Web,4,8,3,1,108,1,15,3,0.26666666666666666,0.06666666666666667,7.2
1199,29402,2026-09-24,2026-09-01,India,iOS,9,9,6,6,266,1,24,3,0.375,0.25,11.083333333333334
1200,29403,2026-09-24,2026-09-01,US,Web,4,2,3,3,151,1,9,3,0.4444444444444444,0.3333333333333333,16.77777777777778
1201,29404,2026-09-24,2026-09-01,US,iOS,3,7,2,6,130,1,12,3,0.25,0.5,10.833333333333334
1202,29405,2026-09-24,2026-09-01,Rest,iOS,4,4,1,6,69,0,9,3,0.4444444444444444,0.6666666666666666,7.666666666666667
1203,29406,2026-09-24,2026-09-01,US,Android,2,3,8,8,156,1,13,3,0.15384615384615385,0.6153846153846154,12.0
1204,29408,2026-09-24,2026-09-01,US,Android,2,3,5,3,70,1,10,3,0.2,0.3,7.0
1205,29409,2026-09-24,2026-09-01,US,iOS,2,3,1,2,106,1,6,3,0.3333333333333333,0.3333333333333333,17.666666666666668
1206,29410,2026-09-24,2026-09-01,US,Web,6,2,0,2,92,1,8,2,0.75,0.25,11.5
1207,29411,2026-09-24,2026-09-01,US,Web,5,1,2,2,64,0,8,3,0.625,0.25,8.0
1208,29412,2026-09-24,2026-09-01,EU,Android,7,1,1,2,106,0,9,3,0.7777777777777778,0.2222222222222222,11.777777777777779
1209,29414,2026-09-24,2026-09-01,Rest,Web,0,0,0,0,0,0,0,0,0.0,0.0,0.0
1210,29415,2026-09-24,2026-09-01,US,Android,3,0,2,0,89,1,5,2,0.6,0.0,17.8
1211,29418,2026-09-24,2026-09-01,US,Web,4,8,12,13,292,0,24,3,0.16666666666666666,0.5416666666666666,12.166666666666666
1212,29420,2026-09-24,2026-09-01,US,Web,3,4,2,3,105,1,9,3,0.3333333333333333,0.3333333333333333,11.666666666666666
1213,29426,2026-09-24,2026-09-02,Rest,iOS,7,2,8,1,127,1,17,3,0.4117647058823529,0.058823529411764705,7.470588235294118
1214,29427,2026-09-24,2026-09-02,Rest,Web,1,4,4,3,64,1,9,3,0.1111111111111111,0.3333333333333333,7.111111111111111
1215,29428,2026-09-24,2026-09-02,EU,iOS,4,1,1,2,52,0,6,3,0.6666666666666666,0.3333333333333333,8.666666666666666
1216,29430,2026-09-24,2026-09-02,US,Android,4,4,3,6,135,1,11,3,0.36363636363636365,0.5454545454545454,12.272727272727273
1217,29432,2026-09-24,2026-09-02,EU,iOS,2,4,2,6,100,1,8,3,0.25,0.75,12.5
1218,29434,2026-09-24,2026-09-02,India,Android,8,4,2,9,80,0,14,3,0.5714285714285714,0.6428571428571429,5.714285714285714
1219,29435,2026-09-24,2026-09-02,US,Web,6,1,0,1,73,0,7,2,0.8571428571428571,0.14285714285714285,10.428571428571429
1220,29436,2026-09-24,2026-09-02,Rest,Web,13,0,2,4,158,1,15,2,0.8666666666666667,0.26666666666666666,10.533333333333333
1221,29439,2026-09-24,2026-09-02,US,Web,3,4,3,0,90,1,10,3,0.3,0.0,9.0
1222,29441,2026-09-24,2026-09-02,US,Web,3,1,0,2,57,0,4,2,0.75,0.5,14.25
1223,29444,2026-09-24,2026-09-02,Rest,Android,10,1,4,12,250,1,15,3,0.6666666666666666,0.8,16.666666666666668
1224,29445,2026-09-24,2026-09-02,Rest,iOS,5,0,0,1,52,0,5,1,1.0,0.2,10.4
1225,29446,2026-09-24,2026-09-02,Rest,Android,3,6,4,2,95,1,13,3,0.23076923076923078,0.15384615384615385,7.3076923076923075
1226,29449,2026-09-24,2026-09-02,India,Android,3,8,2,4,134,1,13,3,0.23076923076923078,0.3076923076923077,10.307692307692308
1227,29450,2026-09-24,2026-09-02,India,Android,5,7,7,8,165,1,19,3,0.2631578947368421,0.42105263157894735,8.68421052631579
1228,29452,2026-09-24,2026-09-02,US,Web,2,1,0,2,66,0,3,2,0.6666666666666666,0.6666666666666666,22.0
1229,29453,2026-09-24,2026-09-02,India,Android,3,7,4,4,148,0,14,3,0.21428571428571427,0.2857142857142857,10.571428571428571
1230,29456,2026-09-24,2026-09-02,US,Web,4,4,3,2,73,1,11,3,0.36363636363636365,0.18181818181818182,6.636363636363637
1231,29461,2026-09-24,2026-09-02,India,Web,3,3,7,9,138,1,13,3,0.23076923076923078,0.6923076923076923,10.615384615384615
1232,29465,2026-09-24,2026-09-02,US,iOS,10,2,0,8,124,0,12,2,0.8333333333333334,0.6666666666666666,10.333333333333334
1233,29466,2026-09-24,2026-09-02,EU,Web,12,7,5,12,236,1,24,3,0.5,0.5,9.833333333333334
1234,29468,2026-09-24,2026-09-02,EU,Web,14,0,0,8,139,0,14,1,1.0,0.5714285714285714,9.928571428571429
1235,29471,2026-09-24,2026-09-02,US,Web,9,0,1,0,172,0,10,2,0.9,0.0,17.2
1236,29472,2026-09-24,2026-09-02,India,Android,2,2,3,0,42,0,7,3,0.2857142857142857,0.0,6.0
1237,29474,2026-09-24,2026-09-02,Rest,Android,0,3,2,1,25,1,5,2,0.0,0.2,5.0
1238,29475,2026-09-24,2026-09-02,Rest,iOS,4,4,8,3,208,1,16,3,0.25,0.1875,13.0
1239,29476,2026-09-24,2026-09-02,US,Android,3,1,2,1,79,1,6,3,0.5,0.16666666666666666,13.166666666666666
1240,29477,2026-09-24,2026-09-02,US,Android,4,5,6,14,113,1,15,3,0.26666666666666666,0.9333333333333333,7.533333333333333
1241,29478,2026-09-24,2026-09-02,US,Web,1,2,2,3,30,1,5,3,0.2,0.6,6.0
1242,29480,2026-09-24,2026-09-02,Rest,iOS,7,0,0,0,51,0,7,1,1.0,0.0,7.285714285714286
1243,29486,2026-09-24,2026-09-03,EU,Web,4,4,4,6,124,1,12,3,0.3333333333333333,0.5,10.333333333333334
1244,29488,2026-09-24,2026-09-03,EU,Web,3,4,7,2,83,1,14,3,0.21428571428571427,0.14285714285714285,5.928571428571429
1245,29489,2026-09-24,2026-09-03,US,Web,3,5,0,1,79,0,8,2,0.375,0.125,9.875
1246,29491,2026-09-24,2026-09-03,Rest,Web,3,0,1,1,63,0,4,2,0.75,0.25,15.75
1247,29492,2026-09-24,2026-09-03,EU,Web,3,1,1,2,54,1,5,3,0.6,0.4,10.8
1248,29494,2026-09-24,2026-09-03,India,Web,5,2,3,6,104,1,10,3,0.5,0.6,10.4
1249,29495,2026-09-24,2026-09-03,US,Android,1,0,1,1,17,1,2,2,0.5,0.5,8.5
1250,29496,2026-09-24,2026-09-03,EU,iOS,5,1,2,2,64,0,8,3,0.625,0.25,8.0
1251,29497,2026-09-24,2026-09-03,US,Android,6,1,1,5,83,1,8,3,0.75,0.625,10.375
1252,29499,2026-09-24,2026-09-03,Rest,iOS,3,4,4,1,132,0,11,3,0.2727272727272727,0.09090909090909091,12.0
1253,29503,2026-09-24,2026-09-03,India,Web,1,2,2,1,35,0,5,3,0.2,0.2,7.0
1254,29505,2026-09-24,2026-09-03,Rest,iOS,2,3,1,1,68,0,6,3,0.3333333333333333,0.16666666666666666,11.333333333333334
1255,29509,2026-09-24,2026-09-03,Rest,iOS,1,1,0,1,16,0,2,2,0.5,0.5,8.0
1256,29512,2026-09-24,2026-09-03,US,Web,8,4,1,7,142,0,13,3,0.6153846153846154,0.5384615384615384,10.923076923076923
1257,29514,2026-09-24,2026-09-03,EU,iOS,14,0,0,9,186,0,14,1,1.0,0.6428571428571429,13.285714285714286
1258,29516,2026-09-24,2026-09-03,India,Android,2,1,1,1,27,1,4,3,0.5,0.25,6.75
1259,29517,2026-09-24,2026-09-03,EU,iOS,4,9,7,6,273,1,20,3,0.2,0.3,13.65
1260,29519,2026-09-24,2026-09-03,US,Android,2,2,0,2,23,0,4,2,0.5,0.5,5.75
1261,29521,2026-09-24,2026-09-03,India,Android,2,3,0,1,57,0,5,2,0.4,0.2,11.4
1262,29524,2026-09-24,2026-09-03,India,Web,6,10,4,3,282,0,20,3,0.3,0.15,14.1
1263,29525,2026-09-24,2026-09-03,Rest,Web,18,4,1,5,210,0,23,3,0.782608695652174,0.21739130434782608,9.130434782608695
1264,29526,2026-09-24,2026-09-03,EU,Web,3,3,1,3,86,1,7,3,0.42857142857142855,0.42857142857142855,12.285714285714286
1265,29527,2026-09-24,2026-09-03,US,Web,0,2,1,0,68,1,3,2,0.0,0.0,22.666666666666668
1266,29530,2026-09-24,2026-09-03,Rest,Android,3,5,3,6,116,1,11,3,0.2727272727272727,0.5454545454545454,10.545454545454545
1267,29531,2026-09-24,2026-09-03,US,iOS,10,8,9,10,295,1,27,3,0.37037037037037035,0.37037037037037035,10.925925925925926
1268,29532,2026-09-24,2026-09-03,Rest,Web,2,10,3,5,179,0,15,3,0.13333333333333333,0.3333333333333333,11.933333333333334
1269,29533,2026-09-24,2026-09-03,Rest,iOS,7,1,1,2,90,0,9,3,0.7777777777777778,0.2222222222222222,10.0
1270,29535,2026-09-24,2026-09-03,Rest,Android,11,11,5,3,259,1,27,3,0.4074074074074074,0.1111111111111111,9.592592592592593
1271,29536,2026-09-24,2026-09-03,EU,iOS,3,2,3,2,118,1,8,3,0.375,0.25,14.75
1272,29537,2026-09-24,2026-09-03,US,Android,2,4,1,3,58,1,7,3,0.2857142857142857,0.42857142857142855,8.285714285714286
1273,29538,2026-09-24,2026-09-03,US,iOS,0,0,0,0,0,0,0,0,0.0,0.0,0.0
1274,29539,2026-09-24,2026-09-03,US,Android,3,3,2,2,65,1,8,3,0.375,0.25,8.125
1275,29540,2026-09-24,2026-09-03,US,Android,1,2,1,1,69,0,4,3,0.25,0.25,17.25
1276,29541,2026-09-24,2026-09-03,Rest,Web,2,1,0,1,19,0,3,2,0.6666666666666666,0.3333333333333333,6.333333333333333
1277,29543,2026-09-24,2026-09-03,India,Android,11,0,0,5,104,1,11,1,1.0,0.45454545454545453,9.454545454545455
1278,29546,2026-09-24,2026-09-04,US,iOS,30,3,2,9,450,0,35,3,0.8571428571428571,0.2571428571428571,12.857142857142858
1279,29547,2026-09-24,2026-09-04,US,Web,3,1,0,4,21,0,4,2,0.75,1.0,5.25
1280,29548,2026-09-24,2026-09-04,US,iOS,0,4,2,3,74,1,6,2,0.0,0.5,12.333333333333334
1281,29550,2026-09-24,2026-09-04,India,Android,3,9,3,5,142,1,15,3,0.2,0.3333333333333333,9.466666666666667
1282,29551,2026-09-24,2026-09-04,India,iOS,0,1,1,1,38,0,2,2,0.0,0.5,19.0
1283,29552,2026-09-24,2026-09-04,EU,iOS,1,2,1,4,27,0,4,3,0.25,1.0,6.75
1284,29555,2026-09-24,2026-09-04,India,Web,0,1,0,0,2,0,1,1,0.0,0.0,2.0
1285,29556,2026-09-24,2026-09-04,US,Web,0,1,1,1,13,1,2,2,0.0,0.5,6.5
1286,29560,2026-09-24,2026-09-04,Rest,iOS,5,5,3,9,94,1,13,3,0.38461538461538464,0.6923076923076923,7.230769230769231
1287,29561,2026-09-24,2026-09-04,US,Web,0,6,2,3,107,1,8,2,0.0,0.375,13.375
1288,29564,2026-09-24,2026-09-04,India,Web,0,0,3,0,29,0,3,1,0.0,0.0,9.666666666666666
1289,29565,2026-09-24,2026-09-04,Rest,iOS,2,6,1,3,84,1,9,3,0.2222222222222222,0.3333333333333333,9.333333333333334
1290,29567,2026-09-24,2026-09-04,US,iOS,0,0,0,0,0,0,0,0,0.0,0.0,0.0
1291,29569,2026-09-24,2026-09-04,US,iOS,2,3,3,1,77,1,8,3,0.25,0.125,9.625
1292,29571,2026-09-24,2026-09-04,EU,Web,0,0,1,0,10,0,1,1,0.0,0.0,10.0
1293,29573,2026-09-24,2026-09-04,Rest,iOS,17,1,0,5,276,0,18,2,0.9444444444444444,0.2777777777777778,15.333333333333334
1294,29575,2026-09-24,2026-09-04,Rest,Web,7,6,7,1,205,1,20,3,0.35,0.05,10.25
1295,29576,2026-09-24,2026-09-04,US,Android,2,1,1,3,72,1,4,3,0.5,0.75,18.0
1296,29578,2026-09-24,2026-09-04,India,Android,3,3,3,3,58,0,9,3,0.3333333333333333,0.3333333333333333,6.444444444444445
1297,29579,2026-09-24,2026-09-04,India,Android,4,1,1,0,51,0,6,3,0.6666666666666666,0.0,8.5
1298,29580,2026-09-24,2026-09-04,US,Android,2,3,3,5,109,1,8,3,0.25,0.625,13.625
1299,29581,2026-09-24,2026-09-04,EU,Web,3,2,2,6,136,0,7,3,0.42857142857142855,0.8571428571428571,19.428571428571427
1300,29582,2026-09-24,2026-09-04,EU,iOS,2,2,5,4,94,1,9,3,0.2222222222222222,0.4444444444444444,10.444444444444445
1301,29583,2026-09-24,2026-09-04,US,Android,0,0,2,1,24,0,2,1,0.0,0.5,12.0
1302,29585,2026-09-24,2026-09-04,EU,Web,14,12,16,22,433,1,42,3,0.3333333333333333,0.5238095238095238,10.30952380952381
1303,29586,2026-09-24,2026-09-04,EU,Web,14,3,1,5,151,0,18,3,0.7777777777777778,0.2777777777777778,8.38888888888889
1304,29587,2026-09-24,2026-09-04,US,Web,6,0,1,5,99,1,7,2,0.8571428571428571,0.7142857142857143,14.142857142857142
1305,29590,2026-09-24,2026-09-04,India,Web,3,1,4,3,115,1,8,3,0.375,0.375,14.375
1306,29591,2026-09-24,2026-09-04,US,iOS,2,0,0,0,8,0,2,1,1.0,0.0,4.0
1307,29592,2026-09-24,2026-09-04,Rest,Android,9,7,6,11,182,1,22,3,0.4090909090909091,0.5,8.272727272727273
1308,29594,2026-09-24,2026-09-04,India,Android,1,2,6,3,131,1,9,3,0.1111111111111111,0.3333333333333333,14.555555555555555
1309,29596,2026-09-24,2026-09-04,Rest,iOS,8,1,0,4,112,1,9,2,0.8888888888888888,0.4444444444444444,12.444444444444445
1310,29598,2026-09-24,2026-09-04,US,iOS,0,0,0,0,0,0,0,0,0.0,0.0,0.0
1311,29600,2026-09-24,2026-09-04,Rest,Android,1,4,0,3,22,0,5,2,0.2,0.6,4.4
1312,29602,2026-09-24,2026-09-04,US,Android,1,4,5,2,67,1,10,3,0.1,0.2,6.7
1313,29604,2026-09-24,2026-09-04,Rest,iOS,3,3,6,3,116,1,12,3,0.25,0.25,9.666666666666666
1314,29606,2026-09-24,2026-09-04,India,iOS,0,1,1,1,26,0,2,2,0.0,0.5,13.0
1315,29607,2026-09-24,2026-09-04,US,Web,1,2,1,1,37,0,4,3,0.25,0.25,9.25
1316,29609,2026-09-24,2026-09-04,EU,Web,1,1,3,2,81,1,5,3,0.2,0.4,16.2
1317,29613,2026-09-24,2026-09-04,India,iOS,7,2,0,4,77,0,9,2,0.7777777777777778,0.4444444444444444,8.555555555555555
1318,29614,2026-09-24,2026-09-04,India,Android,5,1,6,7,108,1,12,3,0.4166666666666667,0.5833333333333334,9.0
1474,29937,2026-09-24,2026-09-08,US,iOS,14,2,4,5,256,0,20,3,0.7,0.25,12.8
1319,29615,2026-09-24,2026-09-04,Rest,iOS,0,2,1,2,6,0,3,2,0.0,0.6666666666666666,2.0
1320,29617,2026-09-24,2026-09-04,EU,iOS,4,3,2,3,133,1,9,3,0.4444444444444444,0.3333333333333333,14.777777777777779
1321,29621,2026-09-24,2026-09-04,India,iOS,7,9,8,13,208,1,24,3,0.2916666666666667,0.5416666666666666,8.666666666666666
1322,29625,2026-09-24,2026-09-04,US,Web,6,7,5,9,211,1,18,3,0.3333333333333333,0.5,11.722222222222221
1323,29628,2026-09-24,2026-09-04,EU,iOS,6,3,3,6,143,1,12,3,0.5,0.5,11.916666666666666
1324,29630,2026-09-24,2026-09-05,EU,Android,3,1,3,2,39,1,7,3,0.42857142857142855,0.2857142857142857,5.571428571428571
1325,29631,2026-09-24,2026-09-05,Rest,Web,13,4,7,6,277,1,24,3,0.5416666666666666,0.25,11.541666666666666
1326,29634,2026-09-24,2026-09-05,US,Android,3,1,1,3,22,1,5,3,0.6,0.6,4.4
1327,29635,2026-09-24,2026-09-05,India,Android,4,9,2,5,251,1,15,3,0.26666666666666666,0.3333333333333333,16.733333333333334
1328,29637,2026-09-24,2026-09-05,US,Android,5,6,2,4,95,0,13,3,0.38461538461538464,0.3076923076923077,7.3076923076923075
1329,29638,2026-09-24,2026-09-05,US,Web,2,0,3,3,48,0,5,2,0.4,0.6,9.6
1330,29639,2026-09-24,2026-09-05,Rest,Web,13,5,8,5,401,1,26,3,0.5,0.19230769230769232,15.423076923076923
1331,29640,2026-09-24,2026-09-05,Rest,Android,2,1,2,4,29,1,5,3,0.4,0.8,5.8
1332,29641,2026-09-24,2026-09-05,EU,Android,5,5,4,6,106,1,14,3,0.35714285714285715,0.42857142857142855,7.571428571428571
1333,29642,2026-09-24,2026-09-05,US,Android,2,2,1,2,39,1,5,3,0.4,0.4,7.8
1334,29644,2026-09-24,2026-09-05,Rest,Android,1,0,0,0,21,1,1,1,1.0,0.0,21.0
1335,29645,2026-09-24,2026-09-05,Rest,iOS,0,0,2,1,20,0,2,1,0.0,0.5,10.0
1336,29648,2026-09-24,2026-09-05,US,Android,5,5,0,9,105,1,10,2,0.5,0.9,10.5
1337,29649,2026-09-24,2026-09-05,US,iOS,2,2,3,4,40,1,7,3,0.2857142857142857,0.5714285714285714,5.714285714285714
1338,29650,2026-09-24,2026-09-05,EU,Web,0,0,0,0,0,0,0,0,0.0,0.0,0.0
1339,29652,2026-09-24,2026-09-05,Rest,Web,2,4,4,6,101,1,10,3,0.2,0.6,10.1
1340,29654,2026-09-24,2026-09-05,India,Web,13,0,2,1,190,0,15,2,0.8666666666666667,0.06666666666666667,12.666666666666666
1341,29656,2026-09-24,2026-09-05,EU,iOS,5,3,4,6,92,1,12,3,0.4166666666666667,0.5,7.666666666666667
1342,29658,2026-09-24,2026-09-05,US,Android,8,2,0,8,130,0,10,2,0.8,0.8,13.0
1343,29661,2026-09-24,2026-09-05,US,iOS,0,0,0,0,0,0,0,0,0.0,0.0,0.0
1344,29662,2026-09-24,2026-09-05,Rest,iOS,15,1,0,5,142,0,16,2,0.9375,0.3125,8.875
1345,29665,2026-09-24,2026-09-05,EU,iOS,4,5,6,5,207,1,15,3,0.26666666666666666,0.3333333333333333,13.8
1346,29669,2026-09-24,2026-09-05,US,Web,4,5,5,0,191,1,14,3,0.2857142857142857,0.0,13.642857142857142
1347,29671,2026-09-24,2026-09-05,EU,iOS,1,4,6,3,107,1,11,3,0.09090909090909091,0.2727272727272727,9.727272727272727
1348,29676,2026-09-24,2026-09-05,US,Android,9,3,5,4,146,1,17,3,0.5294117647058824,0.23529411764705882,8.588235294117647
1349,29682,2026-09-24,2026-09-05,India,iOS,2,1,2,2,50,1,5,3,0.4,0.4,10.0
1350,29685,2026-09-24,2026-09-05,US,Web,4,3,6,9,117,0,13,3,0.3076923076923077,0.6923076923076923,9.0
1351,29686,2026-09-24,2026-09-05,US,iOS,2,3,3,0,63,1,8,3,0.25,0.0,7.875
1352,29691,2026-09-24,2026-09-05,Rest,Android,2,1,4,3,70,1,7,3,0.2857142857142857,0.42857142857142855,10.0
1353,29692,2026-09-24,2026-09-05,EU,Web,3,0,0,0,24,0,3,1,1.0,0.0,8.0
1354,29693,2026-09-24,2026-09-05,EU,Android,2,0,0,2,7,0,2,1,1.0,1.0,3.5
1355,29694,2026-09-24,2026-09-05,Rest,iOS,2,1,0,2,52,1,3,2,0.6666666666666666,0.6666666666666666,17.333333333333332
1356,29698,2026-09-24,2026-09-05,US,Web,1,2,0,2,6,0,3,2,0.3333333333333333,0.6666666666666666,2.0
1357,29701,2026-09-24,2026-09-05,US,Android,5,3,1,7,143,1,9,3,0.5555555555555556,0.7777777777777778,15.88888888888889
1358,29704,2026-09-24,2026-09-06,US,iOS,8,5,8,6,183,1,21,3,0.38095238095238093,0.2857142857142857,8.714285714285714
1359,29705,2026-09-24,2026-09-06,India,iOS,1,3,3,3,110,1,7,3,0.14285714285714285,0.42857142857142855,15.714285714285714
1360,29706,2026-09-24,2026-09-06,Rest,iOS,2,0,0,0,34,0,2,1,1.0,0.0,17.0
1361,29707,2026-09-24,2026-09-06,US,iOS,0,4,3,3,50,1,7,2,0.0,0.42857142857142855,7.142857142857143
1362,29709,2026-09-24,2026-09-06,EU,Android,10,4,8,12,291,1,22,3,0.45454545454545453,0.5454545454545454,13.227272727272727
1363,29715,2026-09-24,2026-09-06,EU,Web,6,5,3,6,126,1,14,3,0.42857142857142855,0.42857142857142855,9.0
1364,29717,2026-09-24,2026-09-06,US,Web,13,1,3,10,201,0,17,3,0.7647058823529411,0.5882352941176471,11.823529411764707
1365,29718,2026-09-24,2026-09-06,US,Web,1,1,2,1,59,0,4,3,0.25,0.25,14.75
1366,29719,2026-09-24,2026-09-06,US,iOS,2,1,1,1,52,0,4,3,0.5,0.25,13.0
1367,29720,2026-09-24,2026-09-06,US,Web,1,0,3,0,41,1,4,2,0.25,0.0,10.25
1368,29722,2026-09-24,2026-09-06,India,Web,4,1,3,4,94,1,8,3,0.5,0.5,11.75
1369,29723,2026-09-24,2026-09-06,India,Web,14,4,0,10,170,0,18,2,0.7777777777777778,0.5555555555555556,9.444444444444445
1370,29724,2026-09-24,2026-09-06,US,Android,2,0,2,3,37,0,4,2,0.5,0.75,9.25
1371,29726,2026-09-24,2026-09-06,India,Web,3,6,1,1,91,1,10,3,0.3,0.1,9.1
1372,29727,2026-09-24,2026-09-06,EU,iOS,22,0,2,14,225,1,24,2,0.9166666666666666,0.5833333333333334,9.375
1373,29729,2026-09-24,2026-09-06,US,iOS,1,3,0,2,24,0,4,2,0.25,0.5,6.0
1374,29732,2026-09-24,2026-09-06,US,iOS,1,3,3,3,75,1,7,3,0.14285714285714285,0.42857142857142855,10.714285714285714
1375,29733,2026-09-24,2026-09-06,EU,iOS,13,0,0,6,90,0,13,1,1.0,0.46153846153846156,6.923076923076923
1376,29736,2026-09-24,2026-09-06,US,Web,1,2,2,0,43,1,5,3,0.2,0.0,8.6
1377,29739,2026-09-24,2026-09-06,US,Android,17,3,0,7,155,0,20,2,0.85,0.35,7.75
1378,29742,2026-09-24,2026-09-06,Rest,Web,20,1,3,7,223,0,24,3,0.8333333333333334,0.2916666666666667,9.291666666666666
1379,29743,2026-09-24,2026-09-06,Rest,Web,4,2,3,4,97,1,9,3,0.4444444444444444,0.4444444444444444,10.777777777777779
1380,29747,2026-09-24,2026-09-06,US,Web,0,2,2,1,42,0,4,2,0.0,0.25,10.5
1381,29751,2026-09-24,2026-09-06,US,Web,0,1,2,2,44,0,3,2,0.0,0.6666666666666666,14.666666666666666
1382,29752,2026-09-24,2026-09-06,US,Android,8,0,3,7,80,1,11,2,0.7272727272727273,0.6363636363636364,7.2727272727272725
1383,29753,2026-09-24,2026-09-06,India,Web,5,7,4,1,203,1,16,3,0.3125,0.0625,12.6875
1384,29757,2026-09-24,2026-09-06,India,iOS,7,1,0,2,63,1,8,2,0.875,0.25,7.875
1385,29761,2026-09-24,2026-09-06,Rest,Android,4,11,4,16,160,1,19,3,0.21052631578947367,0.8421052631578947,8.421052631578947
1386,29762,2026-09-24,2026-09-06,EU,Web,11,1,1,2,156,0,13,3,0.8461538461538461,0.15384615384615385,12.0
1387,29763,2026-09-24,2026-09-06,India,Android,3,2,1,4,51,0,6,3,0.5,0.6666666666666666,8.5
1388,29767,2026-09-24,2026-09-06,US,Android,2,1,2,0,33,0,5,3,0.4,0.0,6.6
1389,29768,2026-09-24,2026-09-06,India,Android,3,1,2,3,111,1,6,3,0.5,0.5,18.5
1390,29770,2026-09-24,2026-09-06,EU,Web,2,1,0,0,17,0,3,2,0.6666666666666666,0.0,5.666666666666667
1391,29773,2026-09-24,2026-09-06,US,iOS,2,6,2,3,70,1,10,3,0.2,0.3,7.0
1392,29774,2026-09-24,2026-09-06,EU,iOS,0,1,0,0,4,0,1,1,0.0,0.0,4.0
1393,29777,2026-09-24,2026-09-06,Rest,iOS,3,1,4,8,80,1,8,3,0.375,1.0,10.0
1394,29780,2026-09-24,2026-09-07,India,iOS,6,3,2,2,207,1,11,3,0.5454545454545454,0.18181818181818182,18.818181818181817
1395,29781,2026-09-24,2026-09-07,EU,Android,4,1,0,1,31,1,5,2,0.8,0.2,6.2
1396,29785,2026-09-24,2026-09-07,Rest,Web,12,6,7,8,258,0,25,3,0.48,0.32,10.32
1397,29787,2026-09-24,2026-09-07,India,Android,0,3,3,3,55,1,6,2,0.0,0.5,9.166666666666666
1398,29789,2026-09-24,2026-09-07,EU,Web,1,3,1,3,41,0,5,3,0.2,0.6,8.2
1399,29790,2026-09-24,2026-09-07,US,Android,12,1,0,7,87,0,13,2,0.9230769230769231,0.5384615384615384,6.6923076923076925
1400,29792,2026-09-24,2026-09-07,US,Web,1,2,1,0,73,1,4,3,0.25,0.0,18.25
1401,29794,2026-09-24,2026-09-07,India,Android,5,8,9,8,276,1,22,3,0.22727272727272727,0.36363636363636365,12.545454545454545
1402,29795,2026-09-24,2026-09-07,EU,Web,4,6,5,4,133,1,15,3,0.26666666666666666,0.26666666666666666,8.866666666666667
1403,29796,2026-09-24,2026-09-07,US,iOS,8,1,5,1,131,1,14,3,0.5714285714285714,0.07142857142857142,9.357142857142858
1404,29797,2026-09-24,2026-09-07,US,Android,12,0,0,2,79,0,12,1,1.0,0.16666666666666666,6.583333333333333
1405,29799,2026-09-24,2026-09-07,India,Web,6,8,6,12,250,1,20,3,0.3,0.6,12.5
1406,29800,2026-09-24,2026-09-07,India,Android,5,8,6,13,190,1,19,3,0.2631578947368421,0.6842105263157895,10.0
1407,29801,2026-09-24,2026-09-07,US,Android,0,3,0,0,23,1,3,1,0.0,0.0,7.666666666666667
1408,29802,2026-09-24,2026-09-07,Rest,iOS,7,7,4,5,187,1,18,3,0.3888888888888889,0.2777777777777778,10.38888888888889
1409,29804,2026-09-24,2026-09-07,Rest,Web,3,2,1,3,56,0,6,3,0.5,0.5,9.333333333333334
1410,29805,2026-09-24,2026-09-07,US,Web,6,5,6,5,199,0,17,3,0.35294117647058826,0.29411764705882354,11.705882352941176
1411,29806,2026-09-24,2026-09-07,US,iOS,3,4,2,2,96,1,9,3,0.3333333333333333,0.2222222222222222,10.666666666666666
1412,29809,2026-09-24,2026-09-07,EU,Web,6,3,0,6,106,0,9,2,0.6666666666666666,0.6666666666666666,11.777777777777779
1413,29810,2026-09-24,2026-09-07,India,Android,4,0,0,2,56,0,4,1,1.0,0.5,14.0
1414,29811,2026-09-24,2026-09-07,EU,Web,7,2,6,4,154,1,15,3,0.4666666666666667,0.26666666666666666,10.266666666666667
1415,29814,2026-09-24,2026-09-07,US,Android,0,2,1,1,28,0,3,2,0.0,0.3333333333333333,9.333333333333334
1416,29815,2026-09-24,2026-09-07,Rest,Android,9,0,1,5,110,1,10,2,0.9,0.5,11.0
1417,29816,2026-09-24,2026-09-07,US,Web,0,2,2,0,54,1,4,2,0.0,0.0,13.5
1418,29817,2026-09-24,2026-09-07,US,Android,1,0,1,0,44,0,2,2,0.5,0.0,22.0
1419,29819,2026-09-24,2026-09-07,Rest,iOS,5,4,4,10,95,1,13,3,0.38461538461538464,0.7692307692307693,7.3076923076923075
1420,29822,2026-09-24,2026-09-07,India,iOS,3,2,0,2,62,0,5,2,0.6,0.4,12.4
1421,29823,2026-09-24,2026-09-07,India,Web,1,1,0,2,27,0,2,2,0.5,1.0,13.5
1422,29828,2026-09-24,2026-09-07,EU,iOS,3,4,2,6,94,1,9,3,0.3333333333333333,0.6666666666666666,10.444444444444445
1423,29829,2026-09-24,2026-09-07,India,Web,9,8,9,5,288,1,26,3,0.34615384615384615,0.19230769230769232,11.076923076923077
1424,29832,2026-09-24,2026-09-07,India,Android,10,2,0,6,102,0,12,2,0.8333333333333334,0.5,8.5
1425,29834,2026-09-24,2026-09-07,EU,Web,5,0,1,1,66,0,6,2,0.8333333333333334,0.16666666666666666,11.0
1426,29835,2026-09-24,2026-09-07,US,iOS,7,5,5,3,226,1,17,3,0.4117647058823529,0.17647058823529413,13.294117647058824
1427,29840,2026-09-24,2026-09-07,EU,Android,1,2,1,2,75,0,4,3,0.25,0.5,18.75
1428,29843,2026-09-24,2026-09-07,US,Android,4,6,2,3,88,1,12,3,0.3333333333333333,0.25,7.333333333333333
1429,29844,2026-09-24,2026-09-07,EU,Android,10,1,0,5,114,0,11,2,0.9090909090909091,0.45454545454545453,10.363636363636363
1430,29845,2026-09-24,2026-09-07,EU,iOS,1,2,2,2,103,0,5,3,0.2,0.4,20.6
1431,29847,2026-09-24,2026-09-07,India,Android,3,4,4,4,102,1,11,3,0.2727272727272727,0.36363636363636365,9.272727272727273
1432,29848,2026-09-24,2026-09-07,US,Web,2,1,4,0,58,1,7,3,0.2857142857142857,0.0,8.285714285714286
1433,29849,2026-09-24,2026-09-07,EU,iOS,3,4,5,10,146,1,12,3,0.25,0.8333333333333334,12.166666666666666
1434,29851,2026-09-24,2026-09-07,India,iOS,0,2,0,0,12,0,2,1,0.0,0.0,6.0
1435,29854,2026-09-24,2026-09-07,Rest,Web,6,3,4,3,103,1,13,3,0.46153846153846156,0.23076923076923078,7.923076923076923
1436,29855,2026-09-24,2026-09-07,India,Web,14,2,2,4,190,0,18,3,0.7777777777777778,0.2222222222222222,10.555555555555555
1437,29857,2026-09-24,2026-09-07,Rest,Web,2,1,5,4,82,1,8,3,0.25,0.5,10.25
1438,29858,2026-09-24,2026-09-07,US,iOS,10,8,6,11,200,1,24,3,0.4166666666666667,0.4583333333333333,8.333333333333334
1439,29860,2026-09-24,2026-09-07,Rest,Android,10,1,1,4,145,0,12,3,0.8333333333333334,0.3333333333333333,12.083333333333334
1440,29863,2026-09-24,2026-09-07,India,Web,5,7,2,7,94,0,14,3,0.35714285714285715,0.5,6.714285714285714
1441,29864,2026-09-24,2026-09-08,Rest,Android,9,1,1,3,107,0,11,3,0.8181818181818182,0.2727272727272727,9.727272727272727
1442,29866,2026-09-24,2026-09-08,Rest,Web,18,2,0,15,214,1,20,2,0.9,0.75,10.7
1443,29867,2026-09-24,2026-09-08,Rest,iOS,7,0,1,0,76,0,8,2,0.875,0.0,9.5
1444,29870,2026-09-24,2026-09-08,India,iOS,2,2,2,5,55,0,6,3,0.3333333333333333,0.8333333333333334,9.166666666666666
1445,29874,2026-09-24,2026-09-08,US,Android,1,1,2,2,26,1,4,3,0.25,0.5,6.5
1446,29875,2026-09-24,2026-09-08,US,iOS,1,0,0,1,4,0,1,1,1.0,1.0,4.0
1447,29876,2026-09-24,2026-09-08,EU,Android,4,0,0,1,31,0,4,1,1.0,0.25,7.75
1448,29880,2026-09-24,2026-09-08,US,iOS,4,4,4,3,145,1,12,3,0.3333333333333333,0.25,12.083333333333334
1449,29882,2026-09-24,2026-09-08,EU,iOS,3,4,3,3,74,1,10,3,0.3,0.3,7.4
1450,29884,2026-09-24,2026-09-08,India,Android,2,2,0,1,28,1,4,2,0.5,0.25,7.0
1451,29887,2026-09-24,2026-09-08,Rest,Android,2,1,4,2,75,1,7,3,0.2857142857142857,0.2857142857142857,10.714285714285714
1452,29888,2026-09-24,2026-09-08,EU,Web,4,1,2,2,49,0,7,3,0.5714285714285714,0.2857142857142857,7.0
1453,29890,2026-09-24,2026-09-08,Rest,iOS,0,0,1,1,22,0,1,1,0.0,1.0,22.0
1454,29892,2026-09-24,2026-09-08,US,iOS,7,1,1,4,90,1,9,3,0.7777777777777778,0.4444444444444444,10.0
1455,29894,2026-09-24,2026-09-08,US,Web,0,1,2,1,20,0,3,2,0.0,0.3333333333333333,6.666666666666667
1456,29896,2026-09-24,2026-09-08,US,Android,3,5,4,2,188,1,12,3,0.25,0.16666666666666666,15.666666666666666
1457,29898,2026-09-24,2026-09-08,US,Android,9,2,0,5,109,1,11,2,0.8181818181818182,0.45454545454545453,9.909090909090908
1458,29899,2026-09-24,2026-09-08,EU,Web,1,1,2,1,29,0,4,3,0.25,0.25,7.25
1459,29902,2026-09-24,2026-09-08,EU,Android,4,1,5,3,141,1,10,3,0.4,0.3,14.1
1460,29905,2026-09-24,2026-09-08,US,iOS,2,0,0,0,17,0,2,1,1.0,0.0,8.5
1461,29911,2026-09-24,2026-09-08,India,Android,6,6,5,11,206,1,17,3,0.35294117647058826,0.6470588235294118,12.117647058823529
1462,29914,2026-09-24,2026-09-08,US,Android,1,3,1,2,111,0,5,3,0.2,0.4,22.2
1463,29916,2026-09-24,2026-09-08,EU,Web,4,4,3,2,74,1,11,3,0.36363636363636365,0.18181818181818182,6.7272727272727275
1464,29917,2026-09-24,2026-09-08,US,Web,3,1,1,2,34,0,5,3,0.6,0.4,6.8
1465,29921,2026-09-24,2026-09-08,US,iOS,3,4,8,3,122,1,15,3,0.2,0.2,8.133333333333333
1466,29923,2026-09-24,2026-09-08,US,Android,1,0,0,1,5,0,1,1,1.0,1.0,5.0
1467,29926,2026-09-24,2026-09-08,Rest,iOS,2,0,1,0,68,0,3,2,0.6666666666666666,0.0,22.666666666666668
1468,29927,2026-09-24,2026-09-08,EU,Web,3,5,2,1,144,0,10,3,0.3,0.1,14.4
1469,29928,2026-09-24,2026-09-08,India,iOS,0,0,2,1,8,0,2,1,0.0,0.5,4.0
1470,29930,2026-09-24,2026-09-08,Rest,iOS,12,6,11,7,363,1,29,3,0.41379310344827586,0.2413793103448276,12.517241379310345
1471,29932,2026-09-24,2026-09-08,India,Android,8,3,6,3,215,0,17,3,0.47058823529411764,0.17647058823529413,12.647058823529411
1472,29933,2026-09-24,2026-09-08,India,Web,0,1,0,0,7,0,1,1,0.0,0.0,7.0
1473,29934,2026-09-24,2026-09-08,Rest,Web,1,0,0,0,16,0,1,1,1.0,0.0,16.0
1475,29938,2026-09-24,2026-09-08,US,Web,2,4,4,1,125,1,10,3,0.2,0.1,12.5
1476,29939,2026-09-24,2026-09-08,US,Android,7,5,4,7,135,1,16,3,0.4375,0.4375,8.4375
1477,29942,2026-09-24,2026-09-08,US,Android,5,1,0,1,75,0,6,2,0.8333333333333334,0.16666666666666666,12.5
1478,29944,2026-09-24,2026-09-08,India,Android,2,4,5,9,156,1,11,3,0.18181818181818182,0.8181818181818182,14.181818181818182
1479,29945,2026-09-24,2026-09-08,US,Android,2,1,1,1,78,0,4,3,0.5,0.25,19.5
1480,29949,2026-09-24,2026-09-08,US,iOS,2,2,2,4,82,0,6,3,0.3333333333333333,0.6666666666666666,13.666666666666666
1481,29958,2026-09-24,2026-09-09,US,Android,7,2,5,4,183,1,14,3,0.5,0.2857142857142857,13.071428571428571
1482,29962,2026-09-24,2026-09-09,Rest,iOS,7,2,4,8,100,0,13,3,0.5384615384615384,0.6153846153846154,7.6923076923076925
1483,29964,2026-09-24,2026-09-09,US,Web,1,0,0,0,3,0,1,1,1.0,0.0,3.0
1484,29966,2026-09-24,2026-09-09,US,Android,3,9,5,5,296,1,17,3,0.17647058823529413,0.29411764705882354,17.41176470588235
1485,29969,2026-09-24,2026-09-09,India,Web,2,1,2,4,37,1,5,3,0.4,0.8,7.4
1486,29971,2026-09-24,2026-09-09,India,Android,5,7,5,7,171,1,17,3,0.29411764705882354,0.4117647058823529,10.058823529411764
1487,29972,2026-09-24,2026-09-09,US,Android,1,3,1,3,24,1,5,3,0.2,0.6,4.8
1488,29974,2026-09-24,2026-09-09,US,Android,2,2,3,3,89,1,7,3,0.2857142857142857,0.42857142857142855,12.714285714285714
1489,29975,2026-09-24,2026-09-09,EU,Web,1,2,3,3,41,0,6,3,0.16666666666666666,0.5,6.833333333333333
1490,29979,2026-09-24,2026-09-09,US,Web,1,2,2,0,43,0,5,3,0.2,0.0,8.6
1491,29982,2026-09-24,2026-09-09,US,Android,2,0,0,1,13,0,2,1,1.0,0.5,6.5
1492,29986,2026-09-24,2026-09-09,US,Web,6,8,11,2,303,1,25,3,0.24,0.08,12.12
1493,29987,2026-09-24,2026-09-09,Rest,Android,1,3,3,2,90,1,7,3,0.14285714285714285,0.2857142857142857,12.857142857142858
1494,29988,2026-09-24,2026-09-09,Rest,Web,2,0,4,2,48,0,6,2,0.3333333333333333,0.3333333333333333,8.0
1495,29989,2026-09-24,2026-09-09,Rest,Android,6,1,6,3,127,1,13,3,0.46153846153846156,0.23076923076923078,9.76923076923077
1496,29991,2026-09-24,2026-09-09,Rest,Android,6,0,0,3,36,0,6,1,1.0,0.5,6.0
1497,29992,2026-09-24,2026-09-09,Rest,iOS,0,2,1,2,50,0,3,2,0.0,0.6666666666666666,16.666666666666668
1498,29993,2026-09-24,2026-09-09,US,Android,0,8,5,7,93,1,13,2,0.0,0.5384615384615384,7.153846153846154
1499,29994,2026-09-24,2026-09-09,US,Web,3,4,0,1,58,0,7,2,0.42857142857142855,0.14285714285714285,8.285714285714286
1500,29996,2026-09-24,2026-09-09,India,Web,3,7,6,1,235,1,16,3,0.1875,0.0625,14.6875
1501,29997,2026-09-24,2026-09-09,India,iOS,1,2,1,3,87,0,4,3,0.25,0.75,21.75
1502,29998,2026-09-24,2026-09-09,EU,Android,2,1,6,2,90,1,9,3,0.2222222222222222,0.2222222222222222,10.0
1503,30001,2026-09-24,2026-09-09,US,iOS,5,4,1,8,80,1,10,3,0.5,0.8,8.0
1504,30002,2026-09-24,2026-09-09,EU,Android,7,1,2,3,213,0,10,3,0.7,0.3,21.3
1505,30003,2026-09-24,2026-09-09,Rest,iOS,3,0,0,0,62,0,3,1,1.0,0.0,20.666666666666668
1506,30004,2026-09-24,2026-09-09,Rest,Android,5,3,3,8,122,1,11,3,0.45454545454545453,0.7272727272727273,11.090909090909092
1507,30005,2026-09-24,2026-09-09,Rest,iOS,5,5,3,6,130,0,13,3,0.38461538461538464,0.46153846153846156,10.0
1508,30006,2026-09-24,2026-09-09,Rest,Android,8,2,6,8,165,1,16,3,0.5,0.5,10.3125
1509,30007,2026-09-24,2026-09-09,EU,Web,7,1,0,5,114,0,8,2,0.875,0.625,14.25
1510,30008,2026-09-24,2026-09-09,US,iOS,4,0,0,1,50,0,4,1,1.0,0.25,12.5
1511,30010,2026-09-24,2026-09-09,Rest,Android,12,4,1,13,259,0,17,3,0.7058823529411765,0.7647058823529411,15.235294117647058
1512,30012,2026-09-24,2026-09-09,EU,iOS,4,2,2,7,104,1,8,3,0.5,0.875,13.0
1513,30013,2026-09-24,2026-09-09,US,Android,0,4,0,4,26,1,4,1,0.0,1.0,6.5
1514,30016,2026-09-24,2026-09-09,Rest,iOS,2,5,4,6,78,1,11,3,0.18181818181818182,0.5454545454545454,7.090909090909091
1515,30021,2026-09-24,2026-09-09,India,Android,2,2,1,4,82,1,5,3,0.4,0.8,16.4
1516,30022,2026-09-24,2026-09-09,US,iOS,4,1,1,1,57,0,6,3,0.6666666666666666,0.16666666666666666,9.5
